Predicted_Value_All,Predicted_Value_Collection,Predicted_Value_Demographic,Predicted_Value_Dataset,True,All_Dataset_Specific,All_Collection_Mode,All_Demographic,Only_Collection,Only_Demographic
0.6159742520634557,0.6102394375436703,0.6095602403226242,0.6390864858222226,0,0.26887187077033503,0.7329538176520984,0.8534126122750443,2.560780645194273,1.1635825737165544
0.23086631766986088,0.22519469937529465,0.23846113517333398,0.5810819558990648,1,0.26887187077033503,0.7329538176520984,0.8534126122750443,2.560780645194273,1.1635825737165544
0.6154008731443597,0.6015453931201513,0.6177586591880346,0.574501373723031,1,0.26887187077033503,0.7329538176520984,0.8534126122750443,2.560780645194273,1.1635825737165544
0.583980183821874,0.5619667570612537,0.5838807092786459,0.6462730830286023,0,0.26887187077033503,0.7329538176520984,0.8534126122750443,2.560780645194273,1.1635825737165544
0.6726285679802984,0.6507134318978649,0.6736119968240136,0.6135575148098019,1,0.26887187077033503,0.7329538176520984,0.8534126122750443,2.560780645194273,1.1635825737165544
0.25503121836256887,0.2703035467324987,0.25574558931130115,0.5583222595266568,1,0.26887187077033503,0.7329538176520984,0.8534126122750443,2.560780645194273,1.1635825737165544
0.6384855160183291,0.6057974686782366,0.6433088509416337,0.6234957971405007,1,0.26887187077033503,0.7329538176520984,0.8534126122750443,2.560780645194273,1.1635825737165544
0.5860676521196221,0.5619667570612537,0.5867262985638633,0.6462730830286023,0,0.26887187077033503,0.7329538176520984,0.8534126122750443,2.560780645194273,1.1635825737165544
0.6214838013918265,0.6063165643907235,0.6258249042461643,0.5555772042280172,0,0.26887187077033503,0.7329538176520984,0.8534126122750443,2.560780645194273,1.1635825737165544
0.6475550985459548,0.6185855628086915,0.6516109491890677,0.613889114689945,1,0.26887187077033503,0.7329538176520984,0.8534126122750443,2.560780645194273,1.1635825737165544
0.7327526111160682,0.7033630967007419,0.7355861572888907,0.6154520987900349,0,0.26887187077033503,0.7329538176520984,0.8534126122750443,2.560780645194273,1.1635825737165544
0.27334638523350874,0.29390750073460215,0.2786511482192295,0.46546261558345153,0,0.26887187077033503,0.7329538176520984,0.8534126122750443,2.560780645194273,1.1635825737165544
0.3975896673933269,0.4121788757033412,0.40054524993622725,0.5064582018371722,1,0.26887187077033503,0.7329538176520984,0.8534126122750443,2.560780645194273,1.1635825737165544
0.4035457625840725,0.41852437958150096,0.4079337854757828,0.48720896743054926,1,0.26887187077033503,0.7329538176520984,0.8534126122750443,2.560780645194273,1.1635825737165544
0.27475311356123117,0.29390750073460215,0.28059312226697986,0.46546261558345153,0,0.26887187077033503,0.7329538176520984,0.8534126122750443,2.560780645194273,1.1635825737165544
0.6549316843128525,0.6401717444046524,0.6501605076821385,0.6535642126052184,0,0.26887187077033503,0.7329538176520984,0.8534126122750443,2.560780645194273,1.1635825737165544
0.6433935213537274,0.5965270337649896,0.65885829072365,0.5572407642957143,1,0.26887187077033503,0.7329538176520984,0.8534126122750443,2.560780645194273,1.1635825737165544
0.6642168810060808,0.6498884138051908,0.6579039754735754,0.6688411927836735,1,0.26887187077033503,0.7329538176520984,0.8534126122750443,2.560780645194273,1.1635825737165544
0.6147588400789561,0.6015453931201513,0.6168852080495519,0.574501373723031,1,0.26887187077033503,0.7329538176520984,0.8534126122750443,2.560780645194273,1.1635825737165544
0.7284104865752573,0.6960165746057905,0.7263853557501979,0.6982655875552517,1,0.26887187077033503,0.7329538176520984,0.8534126122750443,2.560780645194273,1.1635825737165544
0.4060305062853495,0.41852437958150096,0.4113342389499282,0.48720896743054926,1,0.26887187077033503,0.7329538176520984,0.8534126122750443,2.560780645194273,1.1635825737165544
0.39789562157393527,0.4121788757033412,0.40096345895711766,0.5064582018371722,0,0.26887187077033503,0.7329538176520984,0.8534126122750443,2.560780645194273,1.1635825737165544
0.6154008731443597,0.6015453931201513,0.6177586591880346,0.574501373723031,1,0.26887187077033503,0.7329538176520984,0.8534126122750443,2.560780645194273,1.1635825737165544
0.7436702897099794,0.7157091962332163,0.7407913646958793,0.6883408033147626,0,0.26887187077033503,0.7329538176520984,0.8534126122750443,2.560780645194273,1.1635825737165544
0.27397426843051353,0.29390750073460215,0.27951768157251805,0.46546261558345153,1,0.26887187077033503,0.7329538176520984,0.8534126122750443,2.560780645194273,1.1635825737165544
0.5107788976054625,0.5493592230006185,0.4878598572396389,0.6561664989289309,1,0.26887187077033503,0.7329538176520984,0.8534126122750443,2.560780645194273,1.1635825737165544
0.5854547556553084,0.5619667570612537,0.5858909714376318,0.6462730830286023,1,0.26887187077033503,0.7329538176520984,0.8534126122750443,2.560780645194273,1.1635825737165544
0.6435055101784455,0.6197403865812128,0.6443167375371317,0.6300837824749931,1,0.26887187077033503,0.7329538176520984,0.8534126122750443,2.560780645194273,1.1635825737165544
0.2661018972795572,0.2892584316114584,0.26488212125153143,0.5424378255078065,0,0.26887187077033503,0.7329538176520984,0.8534126122750443,2.560780645194273,1.1635825737165544
0.43165560213578863,0.4692026070293813,0.4225753038034429,0.5339568085053846,0,0.26887187077033503,0.7329538176520984,0.8534126122750443,2.560780645194273,1.1635825737165544
0.424329263869135,0.462654337355324,0.4134436516559551,0.5530609986379693,1,0.26887187077033503,0.7329538176520984,0.8534126122750443,2.560780645194273,1.1635825737165544
0.27334638523350874,0.29390750073460215,0.2786511482192295,0.46546261558345153,0,0.26887187077033503,0.7329538176520984,0.8534126122750443,2.560780645194273,1.1635825737165544
0.6431965455189363,0.6135483437540312,0.6439834426976049,0.656926552185711,0,0.26887187077033503,0.7329538176520984,0.8534126122750443,2.560780645194273,1.1635825737165544
0.6159293027999467,0.6015453931201513,0.6184773986518672,0.574501373723031,1,0.26887187077033503,0.7329538176520984,0.8534126122750443,2.560780645194273,1.1635825737165544
0.2729191871610896,0.29390750073460215,0.27806181283434556,0.46546261558345153,0,0.26887187077033503,0.7329538176520984,0.8534126122750443,2.560780645194273,1.1635825737165544
0.36904751034756383,0.36957496654819866,0.37927524299017773,0.4918084363473198,1,0.26887187077033503,0.7329538176520984,0.8534126122750443,2.560780645194273,1.1635825737165544
0.2571336645557637,0.277134392198705,0.261443537368143,0.4817165851055892,1,0.26887187077033503,0.7329538176520984,0.8534126122750443,2.560780645194273,1.1635825737165544
0.583980183821874,0.5619667570612537,0.5838807092786459,0.6462730830286023,0,0.26887187077033503,0.7329538176520984,0.8534126122750443,2.560780645194273,1.1635825737165544
0.47289942722822076,0.5148560755514744,0.45149925385866274,0.6381858758593054,0,0.26887187077033503,0.7329538176520984,0.8534126122750443,2.560780645194273,1.1635825737165544
0.6038242669731038,0.6003942230341799,0.5973667276043605,0.6320213882818962,0,0.26887187077033503,0.7329538176520984,0.8534126122750443,2.560780645194273,1.1635825737165544
0.27478550511487404,0.29390750073460215,0.28063786250176437,0.46546261558345153,0,0.26887187077033503,0.7329538176520984,0.8534126122750443,2.560780645194273,1.1635825737165544
0.42986790307116796,0.47470554483332944,0.41051200970348567,0.6187407660785499,1,0.26887187077033503,0.7329538176520984,0.8534126122750443,2.560780645194273,1.1635825737165544
0.2713441662578228,0.2899648064608945,0.275971434592405,0.48466472438845537,0,0.26887187077033503,0.7329538176520984,0.8534126122750443,2.560780645194273,1.1635825737165544
0.642852632397865,0.6135483437540312,0.6435149600145286,0.656926552185711,0,0.26887187077033503,0.7329538176520984,0.8534126122750443,2.560780645194273,1.1635825737165544
0.644679522807816,0.6135483437540312,0.6460027129876892,0.656926552185711,1,0.26887187077033503,0.7329538176520984,0.8534126122750443,2.560780645194273,1.1635825737165544
0.7457085832893001,0.7175799702325693,0.7407768837075414,0.7186123174975719,1,0.26887187077033503,0.7329538176520984,0.8534126122750443,2.560780645194273,1.1635825737165544
0.2543218554930689,0.2703035467324987,0.25477695119530774,0.5583222595266568,0,0.26887187077033503,0.7329538176520984,0.8534126122750443,2.560780645194273,1.1635825737165544
0.6405542802232369,0.6057974686782366,0.6461114456587667,0.6234957971405007,1,0.26887187077033503,0.7329538176520984,0.8534126122750443,2.560780645194273,1.1635825737165544
0.27397426843051353,0.29390750073460215,0.27951768157251805,0.46546261558345153,1,0.26887187077033503,0.7329538176520984,0.8534126122750443,2.560780645194273,1.1635825737165544
0.27394193638249137,0.29390750073460215,0.27947305054103844,0.46546261558345153,0,0.26887187077033503,0.7329538176520984,0.8534126122750443,2.560780645194273,1.1635825737165544
0.24255093974650666,0.24831680556038302,0.24521472735124347,0.584866884274425,0,0.26887187077033503,0.7329538176520984,0.8534126122750443,2.560780645194273,1.1635825737165544
0.270902767407573,0.2899648064608945,0.27536333930138823,0.48466472438845537,1,0.26887187077033503,0.7329538176520984,0.8534126122750443,2.560780645194273,1.1635825737165544
0.6159742520634557,0.6102394375436703,0.6095602403226242,0.6390864858222226,0,0.26887187077033503,0.7329538176520984,0.8534126122750443,2.560780645194273,1.1635825737165544
0.7293455897600932,0.6980129626712388,0.7323416209023625,0.6234875745018763,1,0.26887187077033503,0.7329538176520984,0.8534126122750443,2.560780645194273,1.1635825737165544
0.6431965455189363,0.6135483437540312,0.6439834426976049,0.656926552185711,0,0.26887187077033503,0.7329538176520984,0.8534126122750443,2.560780645194273,1.1635825737165544
0.642852632397865,0.6135483437540312,0.6435149600145286,0.656926552185711,0,0.26887187077033503,0.7329538176520984,0.8534126122750443,2.560780645194273,1.1635825737165544
0.644679522807816,0.6135483437540312,0.6460027129876892,0.656926552185711,1,0.26887187077033503,0.7329538176520984,0.8534126122750443,2.560780645194273,1.1635825737165544
0.27334638523350874,0.29390750073460215,0.2786511482192295,0.46546261558345153,0,0.26887187077033503,0.7329538176520984,0.8534126122750443,2.560780645194273,1.1635825737165544
0.27475311356123117,0.29390750073460215,0.28059312226697986,0.46546261558345153,0,0.26887187077033503,0.7329538176520984,0.8534126122750443,2.560780645194273,1.1635825737165544
0.5972970002323105,0.5861272910515184,0.5980663369736784,0.5858285847257452,0,0.26887187077033503,0.7329538176520984,0.8534126122750443,2.560780645194273,1.1635825737165544
0.6462950686855572,0.6014179800388569,0.6625170053566563,0.5381660443490212,1,0.26887187077033503,0.7329538176520984,0.8534126122750443,2.560780645194273,1.1635825737165544
0.2733786734574184,0.29390750073460215,0.27869569876414335,0.46546261558345153,0,0.26887187077033503,0.7329538176520984,0.8534126122750443,2.560780645194273,1.1635825737165544
0.6147588400789561,0.6015453931201513,0.6168852080495519,0.574501373723031,1,0.26887187077033503,0.7329538176520984,0.8534126122750443,2.560780645194273,1.1635825737165544
0.48774369308862336,0.5308807072401839,0.4628176497900279,0.6665814122094064,0,0.26887187077033503,0.7329538176520984,0.8534126122750443,2.560780645194273,1.1635825737165544
0.3389289049871373,0.37259688912797645,0.32818871219373447,0.598341618974714,0,0.26887187077033503,0.7329538176520984,0.8534126122750443,2.560780645194273,1.1635825737165544
0.2728869328251573,0.29390750073460215,0.2780173245625075,0.46546261558345153,0,0.26887187077033503,0.7329538176520984,0.8534126122750443,2.560780645194273,1.1635825737165544
0.6595916457651165,0.6463493466228355,0.6515078378506217,0.6856710945782203,1,0.26887187077033503,0.7329538176520984,0.8534126122750443,2.560780645194273,1.1635825737165544
0.25336902225576896,0.2670898080698082,0.2533738217146089,0.5772184900012293,1,0.26887187077033503,0.7329538176520984,0.8534126122750443,2.560780645194273,1.1635825737165544
0.5974798425284231,0.5954787418929058,0.5890222202241738,0.6497425972712582,1,0.26887187077033503,0.7329538176520984,0.8534126122750443,2.560780645194273,1.1635825737165544
0.6429163390881139,0.5965270337649896,0.658220835977152,0.5572407642957143,0,0.26887187077033503,0.7329538176520984,0.8534126122750443,2.560780645194273,1.1635825737165544
0.4702199880903377,0.5102892543913842,0.45214824804319137,0.610505267999883,1,0.26887187077033503,0.7329538176520984,0.8534126122750443,2.560780645194273,1.1635825737165544
0.5974798425284231,0.5954787418929058,0.5890222202241738,0.6497425972712582,1,0.26887187077033503,0.7329538176520984,0.8534126122750443,2.560780645194273,1.1635825737165544
0.40537330890006845,0.45455041389563294,0.38424456292526993,0.6296494783873732,1,0.26887187077033503,0.7329538176520984,0.8534126122750443,2.560780645194273,1.1635825737165544
0.34328163587764654,0.3784553732374688,0.3333884474843991,0.5797020477945789,1,0.26887187077033503,0.7329538176520984,0.8534126122750443,2.560780645194273,1.1635825737165544
0.4040091515445604,0.41852437958150096,0.4085677983308233,0.48720896743054926,0,0.26887187077033503,0.7329538176520984,0.8534126122750443,2.560780645194273,1.1635825737165544
0.2729191871610896,0.29390750073460215,0.27806181283434556,0.46546261558345153,0,0.26887187077033503,0.7329538176520984,0.8534126122750443,2.560780645194273,1.1635825737165544
0.2733786734574184,0.29390750073460215,0.27869569876414335,0.46546261558345153,0,0.26887187077033503,0.7329538176520984,0.8534126122750443,2.560780645194273,1.1635825737165544
0.43165560213578863,0.4692026070293813,0.4225753038034429,0.5339568085053846,0,0.26887187077033503,0.7329538176520984,0.8534126122750443,2.560780645194273,1.1635825737165544
0.6166565195024809,0.6102394375436703,0.6104960735524579,0.6390864858222226,1,0.26887187077033503,0.7329538176520984,0.8534126122750443,2.560780645194273,1.1635825737165544
0.6429163390881139,0.5965270337649896,0.658220835977152,0.5572407642957143,0,0.26887187077033503,0.7329538176520984,0.8534126122750443,2.560780645194273,1.1635825737165544
0.6237922657652575,0.5997627731992172,0.6197298199741409,0.6920375826243548,0,0.26887187077033503,0.7329538176520984,0.8534126122750443,2.560780645194273,1.1635825737165544
0.6976788372971743,0.6710836535900682,0.6937933002030833,0.694213210005405,1,0.26887187077033503,0.7329538176520984,0.8534126122750443,2.560780645194273,1.1635825737165544
0.5854547556553084,0.5619667570612537,0.5858909714376318,0.6462730830286023,1,0.26887187077033503,0.7329538176520984,0.8534126122750443,2.560780645194273,1.1635825737165544
0.6431965455189363,0.6135483437540312,0.6439834426976049,0.656926552185711,0,0.26887187077033503,0.7329538176520984,0.8534126122750443,2.560780645194273,1.1635825737165544
0.27394193638249137,0.29390750073460215,0.27947305054103844,0.46546261558345153,0,0.26887187077033503,0.7329538176520984,0.8534126122750443,2.560780645194273,1.1635825737165544
0.6913474696034283,0.6534956243227235,0.6943360125515621,0.6599748446948241,1,0.26887187077033503,0.7329538176520984,0.8534126122750443,2.560780645194273,1.1635825737165544
0.6202303011495707,0.6063165643907235,0.6241231728246686,0.5555772042280172,1,0.26887187077033503,0.7329538176520984,0.8534126122750443,2.560780645194273,1.1635825737165544
0.6154008731443597,0.6015453931201513,0.6177586591880346,0.574501373723031,1,0.26887187077033503,0.7329538176520984,0.8534126122750443,2.560780645194273,1.1635825737165544
0.4038370724730594,0.41852437958150096,0.40833235000966855,0.48720896743054926,0,0.26887187077033503,0.7329538176520984,0.8534126122750443,2.560780645194273,1.1635825737165544
0.42484076102930407,0.462654337355324,0.414136070186265,0.5530609986379693,0,0.26887187077033503,0.7329538176520984,0.8534126122750443,2.560780645194273,1.1635825737165544
0.6159742520634557,0.6102394375436703,0.6095602403226242,0.6390864858222226,0,0.26887187077033503,0.7329538176520984,0.8534126122750443,2.560780645194273,1.1635825737165544
0.5996238568071648,0.5849788206541958,0.6079523427126129,0.5142246083413808,1,0.26887187077033503,0.7329538176520984,0.8534126122750443,2.560780645194273,1.1635825737165544
0.4038370724730594,0.41852437958150096,0.40833235000966855,0.48720896743054926,0,0.26887187077033503,0.7329538176520984,0.8534126122750443,2.560780645194273,1.1635825737165544
0.6950798357670765,0.6676049214884222,0.6951899525165706,0.647271472228011,0,0.26887187077033503,0.7329538176520984,0.8534126122750443,2.560780645194273,1.1635825737165544
0.40480535020558234,0.45455041389563294,0.38348457533498737,0.6296494783873732,1,0.26887187077033503,0.7329538176520984,0.8534126122750443,2.560780645194273,1.1635825737165544
0.6153671690774659,0.6015453931201513,0.617712811932105,0.574501373723031,0,0.26887187077033503,0.7329538176520984,0.8534126122750443,2.560780645194273,1.1635825737165544
0.39789562157393527,0.4121788757033412,0.40096345895711766,0.5064582018371722,0,0.26887187077033503,0.7329538176520984,0.8534126122750443,2.560780645194273,1.1635825737165544
0.431252218561291,0.4692026070293813,0.4220283127770543,0.5339568085053846,0,0.26887187077033503,0.7329538176520984,0.8534126122750443,2.560780645194273,1.1635825737165544
0.3973658112910827,0.40792713802090275,0.4067781394201496,0.45105966179038276,0,0.26887187077033503,0.7329538176520984,0.8534126122750443,2.560780645194273,1.1635825737165544
0.431252218561291,0.4692026070293813,0.4220283127770543,0.5339568085053846,0,0.26887187077033503,0.7329538176520984,0.8534126122750443,2.560780645194273,1.1635825737165544
0.5138933152496673,0.538403457028858,0.5022327603996145,0.5926898645259546,1,0.26887187077033503,0.7329538176520984,0.8534126122750443,2.560780645194273,1.1635825737165544
0.642852632397865,0.6135483437540312,0.6435149600145286,0.656926552185711,0,0.26887187077033503,0.7329538176520984,0.8534126122750443,2.560780645194273,1.1635825737165544
0.6431965455189363,0.6135483437540312,0.6439834426976049,0.656926552185711,0,0.26887187077033503,0.7329538176520984,0.8534126122750443,2.560780645194273,1.1635825737165544
0.6412581449704597,0.6135483437540312,0.6413419677711271,0.656926552185711,1,0.26887187077033503,0.7329538176520984,0.8534126122750443,2.560780645194273,1.1635825737165544
0.39789562157393527,0.4121788757033412,0.40096345895711766,0.5064582018371722,0,0.26887187077033503,0.7329538176520984,0.8534126122750443,2.560780645194273,1.1635825737165544
0.4116452145193884,0.4610976879732795,0.3917822267221057,0.6115194905351997,1,0.26887187077033503,0.7329538176520984,0.8534126122750443,2.560780645194273,1.1635825737165544
0.2733786734574184,0.29390750073460215,0.27869569876414335,0.46546261558345153,0,0.26887187077033503,0.7329538176520984,0.8534126122750443,2.560780645194273,1.1635825737165544
0.3975896673933269,0.4121788757033412,0.40054524993622725,0.5064582018371722,1,0.26887187077033503,0.7329538176520984,0.8534126122750443,2.560780645194273,1.1635825737165544
0.4348766341662882,0.4812331352557597,0.4164132417084645,0.6004156545374622,1,0.26887187077033503,0.7329538176520984,0.8534126122750443,2.560780645194273,1.1635825737165544
0.42484076102930407,0.462654337355324,0.414136070186265,0.5530609986379693,0,0.26887187077033503,0.7329538176520984,0.8534126122750443,2.560780645194273,1.1635825737165544
0.42623212925402565,0.462654337355324,0.4160201895880602,0.5530609986379693,1,0.26887187077033503,0.7329538176520984,0.8534126122750443,2.560780645194273,1.1635825737165544
0.42484076102930407,0.462654337355324,0.414136070186265,0.5530609986379693,0,0.26887187077033503,0.7329538176520984,0.8534126122750443,2.560780645194273,1.1635825737165544
0.3975896673933269,0.4121788757033412,0.40054524993622725,0.5064582018371722,1,0.26887187077033503,0.7329538176520984,0.8534126122750443,2.560780645194273,1.1635825737165544
0.2729480934932184,0.2814124739116401,0.2725008162202854,0.6069633935977148,0,0.26887187077033503,0.7329538176520984,0.8534126122750443,2.560780645194273,1.1635825737165544
0.6166565195024809,0.6102394375436703,0.6104960735524579,0.6390864858222226,1,0.26887187077033503,0.7329538176520984,0.8534126122750443,2.560780645194273,1.1635825737165544
0.2729191871610896,0.29390750073460215,0.27806181283434556,0.46546261558345153,0,0.26887187077033503,0.7329538176520984,0.8534126122750443,2.560780645194273,1.1635825737165544
0.6759629892361408,0.6366099249817511,0.6825175381733499,0.6242001814355013,1,0.26887187077033503,0.7329538176520984,0.8534126122750443,2.560780645194273,1.1635825737165544
0.3983114820990011,0.4121788757033412,0.40153195538951936,0.5064582018371722,1,0.26887187077033503,0.7329538176520984,0.8534126122750443,2.560780645194273,1.1635825737165544
0.27334638523350874,0.29390750073460215,0.2786511482192295,0.46546261558345153,0,0.26887187077033503,0.7329538176520984,0.8534126122750443,2.560780645194273,1.1635825737165544
0.6418833395044519,0.6135483437540312,0.6421941797724442,0.656926552185711,1,0.26887187077033503,0.7329538176520984,0.8534126122750443,2.560780645194273,1.1635825737165544
0.27107673148212785,0.2899648064608945,0.2756029767864988,0.48466472438845537,1,0.26887187077033503,0.7329538176520984,0.8534126122750443,2.560780645194273,1.1635825737165544
0.2733786734574184,0.29390750073460215,0.27869569876414335,0.46546261558345153,0,0.26887187077033503,0.7329538176520984,0.8534126122750443,2.560780645194273,1.1635825737165544
0.6047403315459035,0.594612592733163,0.6075612445455904,0.555745400970019,0,0.26887187077033503,0.7329538176520984,0.8534126122750443,2.560780645194273,1.1635825737165544
0.4257044456135393,0.47470554483332944,0.4049119709259329,0.6187407660785499,0,0.26887187077033503,0.7329538176520984,0.8534126122750443,2.560780645194273,1.1635825737165544
0.6431965455189363,0.6135483437540312,0.6439834426976049,0.656926552185711,0,0.26887187077033503,0.7329538176520984,0.8534126122750443,2.560780645194273,1.1635825737165544
0.4243005267322313,0.47470554483332944,0.4030259812523102,0.6187407660785499,1,0.26887187077033503,0.7329538176520984,0.8534126122750443,2.560780645194273,1.1635825737165544
0.7284480732344887,0.6956968911349152,0.7268157465108991,0.6946702596117819,1,0.26887187077033503,0.7329538176520984,0.8534126122750443,2.560780645194273,1.1635825737165544
0.2728869328251573,0.29390750073460215,0.2780173245625075,0.46546261558345153,0,0.26887187077033503,0.7329538176520984,0.8534126122750443,2.560780645194273,1.1635825737165544
0.2713441662578228,0.2899648064608945,0.275971434592405,0.48466472438845537,0,0.26887187077033503,0.7329538176520984,0.8534126122750443,2.560780645194273,1.1635825737165544
0.27107673148212785,0.2899648064608945,0.2756029767864988,0.48466472438845537,1,0.26887187077033503,0.7329538176520984,0.8534126122750443,2.560780645194273,1.1635825737165544
0.2733786734574184,0.29390750073460215,0.27869569876414335,0.46546261558345153,0,0.26887187077033503,0.7329538176520984,0.8534126122750443,2.560780645194273,1.1635825737165544
0.5854547556553084,0.5619667570612537,0.5858909714376318,0.6462730830286023,1,0.26887187077033503,0.7329538176520984,0.8534126122750443,2.560780645194273,1.1635825737165544
0.5830412153254435,0.5619667570612537,0.5826002388176916,0.6462730830286023,1,0.26887187077033503,0.7329538176520984,0.8534126122750443,2.560780645194273,1.1635825737165544
0.6147588400789561,0.6015453931201513,0.6168852080495519,0.574501373723031,1,0.26887187077033503,0.7329538176520984,0.8534126122750443,2.560780645194273,1.1635825737165544
0.43017044409907085,0.4692026070293813,0.4205617541711429,0.5339568085053846,0,0.26887187077033503,0.7329538176520984,0.8534126122750443,2.560780645194273,1.1635825737165544
0.6431965455189363,0.6135483437540312,0.6439834426976049,0.656926552185711,0,0.26887187077033503,0.7329538176520984,0.8534126122750443,2.560780645194273,1.1635825737165544
0.27272614463470435,0.2899648064608945,0.2778766670000367,0.48466472438845537,1,0.26887187077033503,0.7329538176520984,0.8534126122750443,2.560780645194273,1.1635825737165544
0.39789562157393527,0.4121788757033412,0.40096345895711766,0.5064582018371722,0,0.26887187077033503,0.7329538176520984,0.8534126122750443,2.560780645194273,1.1635825737165544
0.39953186671079405,0.42390259067013286,0.3927882645841639,0.5737077335729488,0,0.26887187077033503,0.7329538176520984,0.8534126122750443,2.560780645194273,1.1635825737165544
0.4223150808690086,0.4146735130257977,0.4352437052880532,0.48649234214079673,0,0.26887187077033503,0.7329538176520984,0.8534126122750443,2.560780645194273,1.1635825737165544
0.31310977202702955,0.3445176554087184,0.30956203803145904,0.5251512151727874,0,0.26887187077033503,0.7329538176520984,0.8534126122750443,2.560780645194273,1.1635825737165544
0.7436987713107819,0.7152396750052983,0.7393067275910271,0.7124034224023784,1,0.26887187077033503,0.7329538176520984,0.8534126122750443,2.560780645194273,1.1635825737165544
0.6599817581502601,0.6463493466228355,0.652045648813147,0.6856710945782203,1,0.26887187077033503,0.7329538176520984,0.8534126122750443,2.560780645194273,1.1635825737165544
0.5875896652852916,0.5837378196856844,0.5868187418385693,0.5738487285494586,1,0.26887187077033503,0.7329538176520984,0.8534126122750443,2.560780645194273,1.1635825737165544
0.4279702588358896,0.462654337355324,0.41837509958440916,0.5530609986379693,1,0.26887187077033503,0.7329538176520984,0.8534126122750443,2.560780645194273,1.1635825737165544
0.26644931860566284,0.28398100933954806,0.27514593907390567,0.434470484331559,1,0.26887187077033503,0.7329538176520984,0.8534126122750443,2.560780645194273,1.1635825737165544
0.7436037753587137,0.7140445623402779,0.7385194846906779,0.727920031343897,1,0.26887187077033503,0.7329538176520984,0.8534126122750443,2.560780645194273,1.1635825737165544
0.642852632397865,0.6135483437540312,0.6435149600145286,0.656926552185711,0,0.26887187077033503,0.7329538176520984,0.8534126122750443,2.560780645194273,1.1635825737165544
0.40371780158560083,0.41852437958150096,0.40816916252228236,0.48720896743054926,1,0.26887187077033503,0.7329538176520984,0.8534126122750443,2.560780645194273,1.1635825737165544
0.6166565195024809,0.6102394375436703,0.6104960735524579,0.6390864858222226,1,0.26887187077033503,0.7329538176520984,0.8534126122750443,2.560780645194273,1.1635825737165544
0.27334638523350874,0.29390750073460215,0.2786511482192295,0.46546261558345153,0,0.26887187077033503,0.7329538176520984,0.8534126122750443,2.560780645194273,1.1635825737165544
0.6160972418892006,0.6015453931201513,0.6187057890977589,0.574501373723031,1,0.26887187077033503,0.7329538176520984,0.8534126122750443,2.560780645194273,1.1635825737165544
0.6431965455189363,0.6135483437540312,0.6439834426976049,0.656926552185711,0,0.26887187077033503,0.7329538176520984,0.8534126122750443,2.560780645194273,1.1635825737165544
0.7324379304044258,0.7012667464063909,0.7309568924232513,0.6847177525726513,1,0.26887187077033503,0.7329538176520984,0.8534126122750443,2.560780645194273,1.1635825737165544
0.431252218561291,0.4692026070293813,0.4220283127770543,0.5339568085053846,0,0.26887187077033503,0.7329538176520984,0.8534126122750443,2.560780645194273,1.1635825737165544
0.6160972418892006,0.6015453931201513,0.6187057890977589,0.574501373723031,1,0.26887187077033503,0.7329538176520984,0.8534126122750443,2.560780645194273,1.1635825737165544
0.6153671690774659,0.6015453931201513,0.617712811932105,0.574501373723031,0,0.26887187077033503,0.7329538176520984,0.8534126122750443,2.560780645194273,1.1635825737165544
0.23086631766986088,0.22519469937529465,0.23846113517333398,0.5810819558990648,1,0.26887187077033503,0.7329538176520984,0.8534126122750443,2.560780645194273,1.1635825737165544
0.6431965455189363,0.6135483437540312,0.6439834426976049,0.656926552185711,0,0.26887187077033503,0.7329538176520984,0.8534126122750443,2.560780645194273,1.1635825737165544
0.6147588400789561,0.6015453931201513,0.6168852080495519,0.574501373723031,1,0.26887187077033503,0.7329538176520984,0.8534126122750443,2.560780645194273,1.1635825737165544
0.6641502423067107,0.6498884138051908,0.6578122873554774,0.6688411927836735,1,0.26887187077033503,0.7329538176520984,0.8534126122750443,2.560780645194273,1.1635825737165544
0.6214089924131575,0.6147941208577411,0.6167943978663107,0.6211405032077246,1,0.26887187077033503,0.7329538176520984,0.8534126122750443,2.560780645194273,1.1635825737165544
0.6159742520634557,0.6102394375436703,0.6095602403226242,0.6390864858222226,0,0.26887187077033503,0.7329538176520984,0.8534126122750443,2.560780645194273,1.1635825737165544
0.6734121992640826,0.6568986913733189,0.6673064453173511,0.6755622506568352,1,0.26887187077033503,0.7329538176520984,0.8534126122750443,2.560780645194273,1.1635825737165544
0.6413662719808173,0.6135483437540312,0.6414893744339821,0.656926552185711,1,0.26887187077033503,0.7329538176520984,0.8534126122750443,2.560780645194273,1.1635825737165544
0.2733786734574184,0.29390750073460215,0.27869569876414335,0.46546261558345153,0,0.26887187077033503,0.7329538176520984,0.8534126122750443,2.560780645194273,1.1635825737165544
0.270902767407573,0.2899648064608945,0.27536333930138823,0.48466472438845537,1,0.26887187077033503,0.7329538176520984,0.8534126122750443,2.560780645194273,1.1635825737165544
0.4284828781647655,0.462654337355324,0.4190698764024989,0.5530609986379693,1,0.26887187077033503,0.7329538176520984,0.8534126122750443,2.560780645194273,1.1635825737165544
0.6203304766963688,0.6063165643907235,0.6242592024138142,0.5555772042280172,0,0.26887187077033503,0.7329538176520984,0.8534126122750443,2.560780645194273,1.1635825737165544
0.40103515895299846,0.42390259067013286,0.39482653606790413,0.5737077335729488,0,0.26887187077033503,0.7329538176520984,0.8534126122750443,2.560780645194273,1.1635825737165544
0.6202303011495707,0.6063165643907235,0.6241231728246686,0.5555772042280172,1,0.26887187077033503,0.7329538176520984,0.8534126122750443,2.560780645194273,1.1635825737165544
0.6431965455189363,0.6135483437540312,0.6439834426976049,0.656926552185711,0,0.26887187077033503,0.7329538176520984,0.8534126122750443,2.560780645194273,1.1635825737165544
0.4040091515445604,0.41852437958150096,0.4085677983308233,0.48720896743054926,0,0.26887187077033503,0.7329538176520984,0.8534126122750443,2.560780645194273,1.1635825737165544
0.4040091515445604,0.41852437958150096,0.4085677983308233,0.48720896743054926,0,0.26887187077033503,0.7329538176520984,0.8534126122750443,2.560780645194273,1.1635825737165544
0.27334638523350874,0.29390750073460215,0.2786511482192295,0.46546261558345153,0,0.26887187077033503,0.7329538176520984,0.8534126122750443,2.560780645194273,1.1635825737165544
0.27475311356123117,0.29390750073460215,0.28059312226697986,0.46546261558345153,0,0.26887187077033503,0.7329538176520984,0.8534126122750443,2.560780645194273,1.1635825737165544
0.27475311356123117,0.29390750073460215,0.28059312226697986,0.46546261558345153,0,0.26887187077033503,0.7329538176520984,0.8534126122750443,2.560780645194273,1.1635825737165544
0.6429163390881139,0.5965270337649896,0.658220835977152,0.5572407642957143,0,0.26887187077033503,0.7329538176520984,0.8534126122750443,2.560780645194273,1.1635825737165544
0.27397426843051353,0.29390750073460215,0.27951768157251805,0.46546261558345153,1,0.26887187077033503,0.7329538176520984,0.8534126122750443,2.560780645194273,1.1635825737165544
0.6413662719808173,0.6135483437540312,0.6414893744339821,0.656926552185711,1,0.26887187077033503,0.7329538176520984,0.8534126122750443,2.560780645194273,1.1635825737165544
0.4040091515445604,0.41852437958150096,0.4085677983308233,0.48720896743054926,0,0.26887187077033503,0.7329538176520984,0.8534126122750443,2.560780645194273,1.1635825737165544
0.6166565195024809,0.6102394375436703,0.6104960735524579,0.6390864858222226,1,0.26887187077033503,0.7329538176520984,0.8534126122750443,2.560780645194273,1.1635825737165544
0.642852632397865,0.6135483437540312,0.6435149600145286,0.656926552185711,0,0.26887187077033503,0.7329538176520984,0.8534126122750443,2.560780645194273,1.1635825737165544
0.45171300291285554,0.44091532397355515,0.4680212009635575,0.4557262970433711,0,0.26887187077033503,0.7329538176520984,0.8534126122750443,2.560780645194273,1.1635825737165544
0.6719334270354957,0.6507134318978649,0.6726654840238071,0.6135575148098019,0,0.26887187077033503,0.7329538176520984,0.8534126122750443,2.560780645194273,1.1635825737165544
0.491295864893141,0.5295247408026927,0.4743058181806124,0.5993914337097949,1,0.26887187077033503,0.7329538176520984,0.8534126122750443,2.560780645194273,1.1635825737165544
0.27394193638249137,0.29390750073460215,0.27947305054103844,0.46546261558345153,0,0.26887187077033503,0.7329538176520984,0.8534126122750443,2.560780645194273,1.1635825737165544
0.6147588400789561,0.6015453931201513,0.6168852080495519,0.574501373723031,1,0.26887187077033503,0.7329538176520984,0.8534126122750443,2.560780645194273,1.1635825737165544
0.424329263869135,0.462654337355324,0.4134436516559551,0.5530609986379693,1,0.26887187077033503,0.7329538176520984,0.8534126122750443,2.560780645194273,1.1635825737165544
0.5114455128951849,0.538403457028858,0.49889317821286555,0.5926898645259546,0,0.26887187077033503,0.7329538176520984,0.8534126122750443,2.560780645194273,1.1635825737165544
0.7330362586533417,0.7029419236130978,0.7323742934984887,0.6678615323680366,1,0.26887187077033503,0.7329538176520984,0.8534126122750443,2.560780645194273,1.1635825737165544
0.3374792252062674,0.37259688912797645,0.32624461714450614,0.598341618974714,0,0.26887187077033503,0.7329538176520984,0.8534126122750443,2.560780645194273,1.1635825737165544
0.27475311356123117,0.29390750073460215,0.28059312226697986,0.46546261558345153,0,0.26887187077033503,0.7329538176520984,0.8534126122750443,2.560780645194273,1.1635825737165544
0.7435647803051034,0.7140445623402779,0.7384656325466301,0.727920031343897,1,0.26887187077033503,0.7329538176520984,0.8534126122750443,2.560780645194273,1.1635825737165544
0.42623302995926726,0.47470554483332944,0.40562237013838,0.6187407660785499,1,0.26887187077033503,0.7329538176520984,0.8534126122750443,2.560780645194273,1.1635825737165544
0.6166565195024809,0.6102394375436703,0.6104960735524579,0.6390864858222226,1,0.26887187077033503,0.7329538176520984,0.8534126122750443,2.560780645194273,1.1635825737165544
0.6166565195024809,0.6102394375436703,0.6104960735524579,0.6390864858222226,1,0.26887187077033503,0.7329538176520984,0.8534126122750443,2.560780645194273,1.1635825737165544
0.2713441662578228,0.2899648064608945,0.275971434592405,0.48466472438845537,0,0.26887187077033503,0.7329538176520984,0.8534126122750443,2.560780645194273,1.1635825737165544
0.6181041187780775,0.6102394375436703,0.6124810631596278,0.6390864858222226,1,0.26887187077033503,0.7329538176520984,0.8534126122750443,2.560780645194273,1.1635825737165544
0.2733786734574184,0.29390750073460215,0.27869569876414335,0.46546261558345153,1,0.26887187077033503,0.7329538176520984,0.8534126122750443,2.560780645194273,1.1635825737165544
0.6900601950925019,0.6511955962096666,0.6974294035471834,0.6084872153267086,0,0.26887187077033503,0.7329538176520984,0.8534126122750443,2.560780645194273,1.1635825737165544
0.6032016033181862,0.6003942230341799,0.5965130843374886,0.6320213882818962,0,0.26887187077033503,0.7329538176520984,0.8534126122750443,2.560780645194273,1.1635825737165544
0.6431965455189363,0.6135483437540312,0.6439834426976049,0.656926552185711,0,0.26887187077033503,0.7329538176520984,0.8534126122750443,2.560780645194273,1.1635825737165544
0.644679522807816,0.6135483437540312,0.6460027129876892,0.656926552185711,1,0.26887187077033503,0.7329538176520984,0.8534126122750443,2.560780645194273,1.1635825737165544
0.6427447039005701,0.6135483437540312,0.6433679231828866,0.656926552185711,1,0.26887187077033503,0.7329538176520984,0.8534126122750443,2.560780645194273,1.1635825737165544
0.644679522807816,0.6135483437540312,0.6460027129876892,0.656926552185711,1,0.26887187077033503,0.7329538176520984,0.8534126122750443,2.560780645194273,1.1635825737165544
0.7457085832893001,0.7175799702325693,0.7407768837075414,0.7186123174975719,1,0.26887187077033503,0.7329538176520984,0.8534126122750443,2.560780645194273,1.1635825737165544
0.6413662719808173,0.6135483437540312,0.6414893744339821,0.656926552185711,1,0.26887187077033503,0.7329538176520984,0.8534126122750443,2.560780645194273,1.1635825737165544
0.7292699702679498,0.697576424228983,0.7284558357790133,0.6780959849976697,0,0.26887187077033503,0.7329538176520984,0.8534126122750443,2.560780645194273,1.1635825737165544
0.5982962945746005,0.5954787418929058,0.590142618344528,0.6497425972712582,1,0.26887187077033503,0.7329538176520984,0.8534126122750443,2.560780645194273,1.1635825737165544
0.27334638523350874,0.29390750073460215,0.2786511482192295,0.46546261558345153,0,0.26887187077033503,0.7329538176520984,0.8534126122750443,2.560780645194273,1.1635825737165544
0.654931659102954,0.6405402453883987,0.6511043141420733,0.640534326169132,0,0.26887187077033503,0.7329538176520984,0.8534126122750443,2.560780645194273,1.1635825737165544
0.6006073492180947,0.5954787418929058,0.5933129910739653,0.6497425972712582,1,0.26887187077033503,0.7329538176520984,0.8534126122750443,2.560780645194273,1.1635825737165544
0.6699247805073499,0.6419235024779479,0.6646503305456252,0.7193439439229422,1,0.26887187077033503,0.7329538176520984,0.8534126122750443,2.560780645194273,1.1635825737165544
0.6701964707820978,0.6297425922803338,0.6780272743297924,0.6145222510641728,1,0.26887187077033503,0.7329538176520984,0.8534126122750443,2.560780645194273,1.1635825737165544
0.6166565195024809,0.6102394375436703,0.6104960735524579,0.6390864858222226,1,0.26887187077033503,0.7329538176520984,0.8534126122750443,2.560780645194273,1.1635825737165544
0.4639558805927855,0.4559333096914116,0.47157350026832856,0.5356336549915676,0,0.26887187077033503,0.7329538176520984,0.8534126122750443,2.560780645194273,1.1635825737165544
0.6147588400789561,0.6015453931201513,0.6168852080495519,0.574501373723031,1,0.26887187077033503,0.7329538176520984,0.8534126122750443,2.560780645194273,1.1635825737165544
0.3881525052502097,0.4330547781850349,0.37418044269184664,0.5713561579776556,0,0.26887187077033503,0.7329538176520984,0.8534126122750443,2.560780645194273,1.1635825737165544
0.7298953892931986,0.699807896758089,0.7337425275433973,0.6052450552982416,1,0.26887187077033503,0.7329538176520984,0.8534126122750443,2.560780645194273,1.1635825737165544
0.2729191871610896,0.29390750073460215,0.27806181283434556,0.46546261558345153,0,0.26887187077033503,0.7329538176520984,0.8534126122750443,2.560780645194273,1.1635825737165544
0.6429163390881139,0.5965270337649896,0.658220835977152,0.5572407642957143,0,0.26887187077033503,0.7329538176520984,0.8534126122750443,2.560780645194273,1.1635825737165544
0.6572712949481168,0.6401717444046524,0.6533693093574598,0.6535642126052184,1,0.26887187077033503,0.7329538176520984,0.8534126122750443,2.560780645194273,1.1635825737165544
0.42324698552060713,0.462654337355324,0.41197896754033986,0.5530609986379693,0,0.26887187077033503,0.7329538176520984,0.8534126122750443,2.560780645194273,1.1635825737165544
0.27334638523350874,0.29390750073460215,0.2786511482192295,0.46546261558345153,0,0.26887187077033503,0.7329538176520984,0.8534126122750443,2.560780645194273,1.1635825737165544
0.39789562157393527,0.4121788757033412,0.40096345895711766,0.5064582018371722,0,0.26887187077033503,0.7329538176520984,0.8534126122750443,2.560780645194273,1.1635825737165544
0.2728869328251573,0.29390750073460215,0.2780173245625075,0.46546261558345153,0,0.26887187077033503,0.7329538176520984,0.8534126122750443,2.560780645194273,1.1635825737165544
0.642852632397865,0.6135483437540312,0.6435149600145286,0.656926552185711,0,0.26887187077033503,0.7329538176520984,0.8534126122750443,2.560780645194273,1.1635825737165544
0.39686327030584595,0.4121788757033412,0.3995524797304011,0.5064582018371722,1,0.26887187077033503,0.7329538176520984,0.8534126122750443,2.560780645194273,1.1635825737165544
0.643368748539282,0.6135483437540312,0.6442179917773295,0.656926552185711,1,0.26887187077033503,0.7329538176520984,0.8534126122750443,2.560780645194273,1.1635825737165544
0.6166565195024809,0.6102394375436703,0.6104960735524579,0.6390864858222226,1,0.26887187077033503,0.7329538176520984,0.8534126122750443,2.560780645194273,1.1635825737165544
0.644679522807816,0.6135483437540312,0.6460027129876892,0.656926552185711,1,0.26887187077033503,0.7329538176520984,0.8534126122750443,2.560780645194273,1.1635825737165544
0.6715757067056404,0.6507134318978649,0.6721782594835247,0.6135575148098019,1,0.26887187077033503,0.7329538176520984,0.8534126122750443,2.560780645194273,1.1635825737165544
0.6166565195024809,0.6102394375436703,0.6104960735524579,0.6390864858222226,1,0.26887187077033503,0.7329538176520984,0.8534126122750443,2.560780645194273,1.1635825737165544
0.270902767407573,0.2899648064608945,0.27536333930138823,0.48466472438845537,1,0.26887187077033503,0.7329538176520984,0.8534126122750443,2.560780645194273,1.1635825737165544
0.27394193638249137,0.29390750073460215,0.27947305054103844,0.46546261558345153,0,0.26887187077033503,0.7329538176520984,0.8534126122750443,2.560780645194273,1.1635825737165544
0.4388522452422949,0.46679684237566205,0.4223202957920367,0.6559862901207503,1,0.26887187077033503,0.7329538176520984,0.8534126122750443,2.560780645194273,1.1635825737165544
0.729198886225068,0.6980129626712388,0.7321429871589663,0.6234875745018763,0,0.26887187077033503,0.7329538176520984,0.8534126122750443,2.560780645194273,1.1635825737165544
0.5860676521196221,0.5619667570612537,0.5867262985638633,0.6462730830286023,0,0.26887187077033503,0.7329538176520984,0.8534126122750443,2.560780645194273,1.1635825737165544
0.4848824003566903,0.5205170156120434,0.4659783987953983,0.6335666868043013,1,0.26887187077033503,0.7329538176520984,0.8534126122750443,2.560780645194273,1.1635825737165544
0.6431965455189363,0.6135483437540312,0.6439834426976049,0.656926552185711,0,0.26887187077033503,0.7329538176520984,0.8534126122750443,2.560780645194273,1.1635825737165544
0.6360732002657937,0.6057974686782366,0.6400372344175514,0.6234957971405007,0,0.26887187077033503,0.7329538176520984,0.8534126122750443,2.560780645194273,1.1635825737165544
0.6431965455189363,0.6135483437540312,0.6439834426976049,0.656926552185711,0,0.26887187077033503,0.7329538176520984,0.8534126122750443,2.560780645194273,1.1635825737165544
0.39789562157393527,0.4121788757033412,0.40096345895711766,0.5064582018371722,0,0.26887187077033503,0.7329538176520984,0.8534126122750443,2.560780645194273,1.1635825737165544
0.6156405903054102,0.6102394375436703,0.609102506764338,0.6390864858222226,0,0.26887187077033503,0.7329538176520984,0.8534126122750443,2.560780645194273,1.1635825737165544
0.2733786734574184,0.29390750073460215,0.27869569876414335,0.46546261558345153,0,0.26887187077033503,0.7329538176520984,0.8534126122750443,2.560780645194273,1.1635825737165544
0.6147588400789561,0.6015453931201513,0.6168852080495519,0.574501373723031,1,0.26887187077033503,0.7329538176520984,0.8534126122750443,2.560780645194273,1.1635825737165544
0.6154008731443597,0.6015453931201513,0.6177586591880346,0.574501373723031,1,0.26887187077033503,0.7329538176520984,0.8534126122750443,2.560780645194273,1.1635825737165544
0.30397595330120303,0.3380631969943229,0.2936109071152655,0.6030900360478945,0,0.26887187077033503,0.7329538176520984,0.8534126122750443,2.560780645194273,1.1635825737165544
0.2729191871610896,0.29390750073460215,0.27806181283434556,0.46546261558345153,0,0.26887187077033503,0.7329538176520984,0.8534126122750443,2.560780645194273,1.1635825737165544
0.5870046328911528,0.5619667570612537,0.5880030624766109,0.6462730830286023,1,0.26887187077033503,0.7329538176520984,0.8534126122750443,2.560780645194273,1.1635825737165544
0.6843572234371562,0.6462545182564118,0.6880503527104755,0.6530966926104075,1,0.26887187077033503,0.7329538176520984,0.8534126122750443,2.560780645194273,1.1635825737165544
0.30448285867911395,0.3369288536202206,0.3001388965874576,0.5320867269375199,1,0.26887187077033503,0.7329538176520984,0.8534126122750443,2.560780645194273,1.1635825737165544
0.644679522807816,0.6135483437540312,0.6460027129876892,0.656926552185711,1,0.26887187077033503,0.7329538176520984,0.8534126122750443,2.560780645194273,1.1635825737165544
0.39953186671079405,0.42390259067013286,0.3927882645841639,0.5737077335729488,0,0.26887187077033503,0.7329538176520984,0.8534126122750443,2.560780645194273,1.1635825737165544
0.644679522807816,0.6135483437540312,0.6460027129876892,0.656926552185711,1,0.26887187077033503,0.7329538176520984,0.8534126122750443,2.560780645194273,1.1635825737165544
0.481044438813623,0.5211260094884513,0.46174665046145696,0.6202217231381358,0,0.26887187077033503,0.7329538176520984,0.8534126122750443,2.560780645194273,1.1635825737165544
0.3978741596557729,0.4442440847842457,0.382212754578344,0.5813795714312281,0,0.26887187077033503,0.7329538176520984,0.8534126122750443,2.560780645194273,1.1635825737165544
0.6480384797052726,0.6014179800388569,0.664840618375103,0.5381660443490212,1,0.26887187077033503,0.7329538176520984,0.8534126122750443,2.560780645194273,1.1635825737165544
0.6203304766963688,0.6063165643907235,0.6242592024138142,0.5555772042280172,0,0.26887187077033503,0.7329538176520984,0.8534126122750443,2.560780645194273,1.1635825737165544
0.7457476806110254,0.7175799702325693,0.7408308643525517,0.7186123174975719,1,0.26887187077033503,0.7329538176520984,0.8534126122750443,2.560780645194273,1.1635825737165544
0.6663642209463359,0.6439948535074583,0.6593467987391813,0.7146701387467993,1,0.26887187077033503,0.7329538176520984,0.8534126122750443,2.560780645194273,1.1635825737165544
0.6462950686855572,0.6014179800388569,0.6625170053566563,0.5381660443490212,1,0.26887187077033503,0.7329538176520984,0.8534126122750443,2.560780645194273,1.1635825737165544
0.644679522807816,0.6135483437540312,0.6460027129876892,0.656926552185711,1,0.26887187077033503,0.7329538176520984,0.8534126122750443,2.560780645194273,1.1635825737165544
0.37653565865200594,0.3930348185604114,0.37815035923133805,0.5180773096218786,1,0.26887187077033503,0.7329538176520984,0.8534126122750443,2.560780645194273,1.1635825737165544
0.70574391033714,0.6792349581350176,0.7025766980289028,0.6842525765550129,1,0.26887187077033503,0.7329538176520984,0.8534126122750443,2.560780645194273,1.1635825737165544
0.7407180790258767,0.7130025744608097,0.740174595199609,0.6538317132378197,0,0.26887187077033503,0.7329538176520984,0.8534126122750443,2.560780645194273,1.1635825737165544
0.27478550511487404,0.29390750073460215,0.28063786250176437,0.46546261558345153,0,0.26887187077033503,0.7329538176520984,0.8534126122750443,2.560780645194273,1.1635825737165544
0.5965230679817601,0.5861272910515184,0.5970116582176586,0.5858285847257452,1,0.26887187077033503,0.7329538176520984,0.8534126122750443,2.560780645194273,1.1635825737165544
0.48555994466971786,0.5205170156120434,0.46689883621583894,0.6335666868043013,1,0.26887187077033503,0.7329538176520984,0.8534126122750443,2.560780645194273,1.1635825737165544
0.6147251149723902,0.6015453931201513,0.6168393210085883,0.574501373723031,0,0.26887187077033503,0.7329538176520984,0.8534126122750443,2.560780645194273,1.1635825737165544
0.5974798425284231,0.5954787418929058,0.5890222202241738,0.6497425972712582,1,0.26887187077033503,0.7329538176520984,0.8534126122750443,2.560780645194273,1.1635825737165544
0.3762978783483579,0.41635385057218927,0.35805828797629213,0.6469194319685069,1,0.26887187077033503,0.7329538176520984,0.8534126122750443,2.560780645194273,1.1635825737165544
0.27334638523350874,0.29390750073460215,0.2786511482192295,0.46546261558345153,0,0.26887187077033503,0.7329538176520984,0.8534126122750443,2.560780645194273,1.1635825737165544
0.39849505013831943,0.42390259067013286,0.39138315243643607,0.5737077335729488,0,0.26887187077033503,0.7329538176520984,0.8534126122750443,2.560780645194273,1.1635825737165544
0.5974798425284231,0.5954787418929058,0.5890222202241738,0.6497425972712582,1,0.26887187077033503,0.7329538176520984,0.8534126122750443,2.560780645194273,1.1635825737165544
0.27394193638249137,0.29390750073460215,0.27947305054103844,0.46546261558345153,0,0.26887187077033503,0.7329538176520984,0.8534126122750443,2.560780645194273,1.1635825737165544
0.583980183821874,0.5619667570612537,0.5838807092786459,0.6462730830286023,0,0.26887187077033503,0.7329538176520984,0.8534126122750443,2.560780645194273,1.1635825737165544
0.6759053480656166,0.6366099249817511,0.682439789087516,0.6242001814355013,1,0.26887187077033503,0.7329538176520984,0.8534126122750443,2.560780645194273,1.1635825737165544
0.6147588400789561,0.6015453931201513,0.6168852080495519,0.574501373723031,1,0.26887187077033503,0.7329538176520984,0.8534126122750443,2.560780645194273,1.1635825737165544
0.40537330890006845,0.45455041389563294,0.38424456292526993,0.6296494783873732,1,0.26887187077033503,0.7329538176520984,0.8534126122750443,2.560780645194273,1.1635825737165544
0.3028136187527865,0.34355581154457593,0.29166153235513814,0.5822972223528035,0,0.26887187077033503,0.7329538176520984,0.8534126122750443,2.560780645194273,1.1635825737165544
0.6166565195024809,0.6102394375436703,0.6104960735524579,0.6390864858222226,1,0.26887187077033503,0.7329538176520984,0.8534126122750443,2.560780645194273,1.1635825737165544
0.27334638523350874,0.29390750073460215,0.2786511482192295,0.46546261558345153,0,0.26887187077033503,0.7329538176520984,0.8534126122750443,2.560780645194273,1.1635825737165544
0.39934510625224273,0.4121788757033412,0.4029452339077008,0.5064582018371722,0,0.26887187077033503,0.7329538176520984,0.8534126122750443,2.560780645194273,1.1635825737165544
0.6413662719808173,0.6135483437540312,0.6414893744339821,0.656926552185711,1,0.26887187077033503,0.7329538176520984,0.8534126122750443,2.560780645194273,1.1635825737165544
0.27334638523350874,0.29390750073460215,0.2786511482192295,0.46546261558345153,0,0.26887187077033503,0.7329538176520984,0.8534126122750443,2.560780645194273,1.1635825737165544
0.2728869328251573,0.29390750073460215,0.2780173245625075,0.46546261558345153,0,0.26887187077033503,0.7329538176520984,0.8534126122750443,2.560780645194273,1.1635825737165544
0.4116452145193884,0.4610976879732795,0.3917822267221057,0.6115194905351997,1,0.26887187077033503,0.7329538176520984,0.8534126122750443,2.560780645194273,1.1635825737165544
0.48369090368999784,0.5012276762254267,0.47376024208121825,0.6127876231491813,1,0.26887187077033503,0.7329538176520984,0.8534126122750443,2.560780645194273,1.1635825737165544
0.6424507705905546,0.5965270337649896,0.6575987097540881,0.5572407642957143,0,0.26887187077033503,0.7329538176520984,0.8534126122750443,2.560780645194273,1.1635825737165544
0.269898236709374,0.29254951630552556,0.26279382042916527,0.6267573923150955,1,0.26887187077033503,0.7329538176520984,0.8534126122750443,2.560780645194273,1.1635825737165544
0.6431965455189363,0.6135483437540312,0.6439834426976049,0.656926552185711,0,0.26887187077033503,0.7329538176520984,0.8534126122750443,2.560780645194273,1.1635825737165544
0.3451605515837676,0.3784553732374688,0.3359153704866065,0.5797020477945789,0,0.26887187077033503,0.7329538176520984,0.8534126122750443,2.560780645194273,1.1635825737165544
0.6449442769954147,0.6054421857397889,0.6522445259557337,0.6227253014113401,0,0.26887187077033503,0.7329538176520984,0.8534126122750443,2.560780645194273,1.1635825737165544
0.47107464621120854,0.46248160416610457,0.4804869089774066,0.5164358588549078,0,0.26887187077033503,0.7329538176520984,0.8534126122750443,2.560780645194273,1.1635825737165544
0.6438038785274759,0.5965270337649896,0.6594063204937375,0.5572407642957143,1,0.26887187077033503,0.7329538176520984,0.8534126122750443,2.560780645194273,1.1635825737165544
0.2713441662578228,0.2899648064608945,0.275971434592405,0.48466472438845537,0,0.26887187077033503,0.7329538176520984,0.8534126122750443,2.560780645194273,1.1635825737165544
0.6412581449704597,0.6135483437540312,0.6413419677711271,0.656926552185711,1,0.26887187077033503,0.7329538176520984,0.8534126122750443,2.560780645194273,1.1635825737165544
0.7436037753587137,0.7140445623402779,0.7385194846906779,0.727920031343897,1,0.26887187077033503,0.7329538176520984,0.8534126122750443,2.560780645194273,1.1635825737165544
0.6147588400789561,0.6015453931201513,0.6168852080495519,0.574501373723031,1,0.26887187077033503,0.7329538176520984,0.8534126122750443,2.560780645194273,1.1635825737165544
0.27394193638249137,0.29390750073460215,0.27947305054103844,0.46546261558345153,0,0.26887187077033503,0.7329538176520984,0.8534126122750443,2.560780645194273,1.1635825737165544
0.6147588400789561,0.6015453931201513,0.6168852080495519,0.574501373723031,1,0.26887187077033503,0.7329538176520984,0.8534126122750443,2.560780645194273,1.1635825737165544
0.7437969032722882,0.7140445623402779,0.73878616770059,0.727920031343897,1,0.26887187077033503,0.7329538176520984,0.8534126122750443,2.560780645194273,1.1635825737165544
0.7403729252627334,0.7107416178621645,0.7370938288916138,0.7024162713610597,1,0.26887187077033503,0.7329538176520984,0.8534126122750443,2.560780645194273,1.1635825737165544
0.4223150808690086,0.4146735130257977,0.4352437052880532,0.48649234214079673,0,0.26887187077033503,0.7329538176520984,0.8534126122750443,2.560780645194273,1.1635825737165544
0.2733786734574184,0.29390750073460215,0.27869569876414335,0.46546261558345153,0,0.26887187077033503,0.7329538176520984,0.8534126122750443,2.560780645194273,1.1635825737165544
0.6147588400789561,0.6015453931201513,0.6168852080495519,0.574501373723031,1,0.26887187077033503,0.7329538176520984,0.8534126122750443,2.560780645194273,1.1635825737165544
0.6413662719808173,0.6135483437540312,0.6414893744339821,0.656926552185711,1,0.26887187077033503,0.7329538176520984,0.8534126122750443,2.560780645194273,1.1635825737165544
0.40007964537396434,0.40792713802090275,0.41050779209182464,0.45105966179038276,1,0.26887187077033503,0.7329538176520984,0.8534126122750443,2.560780645194273,1.1635825737165544
0.6405542802232369,0.6057974686782366,0.6461114456587667,0.6234957971405007,1,0.26887187077033503,0.7329538176520984,0.8534126122750443,2.560780645194273,1.1635825737165544
0.4032284925650919,0.45455041389563294,0.3813757774141475,0.6296494783873732,0,0.26887187077033503,0.7329538176520984,0.8534126122750443,2.560780645194273,1.1635825737165544
0.27334638523350874,0.29390750073460215,0.2786511482192295,0.46546261558345153,0,0.26887187077033503,0.7329538176520984,0.8534126122750443,2.560780645194273,1.1635825737165544
0.26782981789671456,0.28524606700904265,0.26720221795743887,0.5637282163467275,0,0.26887187077033503,0.7329538176520984,0.8534126122750443,2.560780645194273,1.1635825737165544
0.6381479454611019,0.6057974686782366,0.6428512637072166,0.6234957971405007,0,0.26887187077033503,0.7329538176520984,0.8534126122750443,2.560780645194273,1.1635825737165544
0.6154008731443597,0.6015453931201513,0.6177586591880346,0.574501373723031,1,0.26887187077033503,0.7329538176520984,0.8534126122750443,2.560780645194273,1.1635825737165544
0.5965230679817601,0.5861272910515184,0.5970116582176586,0.5858285847257452,1,0.26887187077033503,0.7329538176520984,0.8534126122750443,2.560780645194273,1.1635825737165544
0.27107673148212785,0.2899648064608945,0.2756029767864988,0.48466472438845537,1,0.26887187077033503,0.7329538176520984,0.8534126122750443,2.560780645194273,1.1635825737165544
0.743506967003422,0.7140445623402779,0.7383857891077475,0.727920031343897,1,0.26887187077033503,0.7329538176520984,0.8534126122750443,2.560780645194273,1.1635825737165544
0.2729191871610896,0.29390750073460215,0.27806181283434556,0.46546261558345153,0,0.26887187077033503,0.7329538176520984,0.8534126122750443,2.560780645194273,1.1635825737165544
0.2540303845352963,0.2670898080698082,0.25427584705414696,0.5772184900012293,1,0.26887187077033503,0.7329538176520984,0.8534126122750443,2.560780645194273,1.1635825737165544
0.3658904350214393,0.38855864023429526,0.36226438783098175,0.5543436955854296,1,0.26887187077033503,0.7329538176520984,0.8534126122750443,2.560780645194273,1.1635825737165544
0.6429163390881139,0.5965270337649896,0.658220835977152,0.5572407642957143,0,0.26887187077033503,0.7329538176520984,0.8534126122750443,2.560780645194273,1.1635825737165544
0.6425055271959621,0.5965270337649896,0.6576718889802466,0.5572407642957143,1,0.26887187077033503,0.7329538176520984,0.8534126122750443,2.560780645194273,1.1635825737165544
0.27475311356123117,0.29390750073460215,0.28059312226697986,0.46546261558345153,0,0.26887187077033503,0.7329538176520984,0.8534126122750443,2.560780645194273,1.1635825737165544
0.4279702588358896,0.462654337355324,0.41837509958440916,0.5530609986379693,1,0.26887187077033503,0.7329538176520984,0.8534126122750443,2.560780645194273,1.1635825737165544
0.6645752998728828,0.6387954080255459,0.6628988941470536,0.6655984090721779,1,0.26887187077033503,0.7329538176520984,0.8534126122750443,2.560780645194273,1.1635825737165544
0.2733786734574184,0.29390750073460215,0.27869569876414335,0.46546261558345153,0,0.26887187077033503,0.7329538176520984,0.8534126122750443,2.560780645194273,1.1635825737165544
0.6799647693222705,0.6529650367850862,0.68294607339897,0.610948150578698,1,0.26887187077033503,0.7329538176520984,0.8534126122750443,2.560780645194273,1.1635825737165544
0.654931659102954,0.6405402453883987,0.6511043141420733,0.640534326169132,0,0.26887187077033503,0.7329538176520984,0.8534126122750443,2.560780645194273,1.1635825737165544
0.424329263869135,0.462654337355324,0.4134436516559551,0.5530609986379693,1,0.26887187077033503,0.7329538176520984,0.8534126122750443,2.560780645194273,1.1635825737165544
0.46518849839820625,0.46799078857561993,0.4624842435678215,0.6020316012469575,1,0.26887187077033503,0.7329538176520984,0.8534126122750443,2.560780645194273,1.1635825737165544
0.5870046328911528,0.5619667570612537,0.5880030624766109,0.6462730830286023,1,0.26887187077033503,0.7329538176520984,0.8534126122750443,2.560780645194273,1.1635825737165544
0.6679085203153114,0.644766305920061,0.6722613617579178,0.5786115137526763,0,0.26887187077033503,0.7329538176520984,0.8534126122750443,2.560780645194273,1.1635825737165544
0.6431965455189363,0.6135483437540312,0.6439834426976049,0.656926552185711,0,0.26887187077033503,0.7329538176520984,0.8534126122750443,2.560780645194273,1.1635825737165544
0.40371780158560083,0.41852437958150096,0.40816916252228236,0.48720896743054926,1,0.26887187077033503,0.7329538176520984,0.8534126122750443,2.560780645194273,1.1635825737165544
0.2713441662578228,0.2899648064608945,0.275971434592405,0.48466472438845537,0,0.26887187077033503,0.7329538176520984,0.8534126122750443,2.560780645194273,1.1635825737165544
0.42623302995926726,0.47470554483332944,0.40562237013838,0.6187407660785499,1,0.26887187077033503,0.7329538176520984,0.8534126122750443,2.560780645194273,1.1635825737165544
0.27397426843051353,0.29390750073460215,0.27951768157251805,0.46546261558345153,1,0.26887187077033503,0.7329538176520984,0.8534126122750443,2.560780645194273,1.1635825737165544
0.42484076102930407,0.462654337355324,0.414136070186265,0.5530609986379693,0,0.26887187077033503,0.7329538176520984,0.8534126122750443,2.560780645194273,1.1635825737165544
0.27394193638249137,0.29390750073460215,0.27947305054103844,0.46546261558345153,0,0.26887187077033503,0.7329538176520984,0.8534126122750443,2.560780645194273,1.1635825737165544
0.6147588400789561,0.6015453931201513,0.6168852080495519,0.574501373723031,1,0.26887187077033503,0.7329538176520984,0.8534126122750443,2.560780645194273,1.1635825737165544
0.3904596535621965,0.4138727730492183,0.379777200205746,0.6260954670917867,0,0.26887187077033503,0.7329538176520984,0.8534126122750443,2.560780645194273,1.1635825737165544
0.27334638523350874,0.29390750073460215,0.2786511482192295,0.46546261558345153,0,0.26887187077033503,0.7329538176520984,0.8534126122750443,2.560780645194273,1.1635825737165544
0.2729191871610896,0.29390750073460215,0.27806181283434556,0.46546261558345153,0,0.26887187077033503,0.7329538176520984,0.8534126122750443,2.560780645194273,1.1635825737165544
0.7290333287554768,0.697576424228983,0.7281325468908927,0.6780959849976697,1,0.26887187077033503,0.7329538176520984,0.8534126122750443,2.560780645194273,1.1635825737165544
0.26269973240056155,0.28456575107534776,0.25655910100553453,0.6195946045265601,0,0.26887187077033503,0.7329538176520984,0.8534126122750443,2.560780645194273,1.1635825737165544
0.27334638523350874,0.29390750073460215,0.2786511482192295,0.46546261558345153,0,0.26887187077033503,0.7329538176520984,0.8534126122750443,2.560780645194273,1.1635825737165544
0.4040091515445604,0.41852437958150096,0.4085677983308233,0.48720896743054926,0,0.26887187077033503,0.7329538176520984,0.8534126122750443,2.560780645194273,1.1635825737165544
0.39789562157393527,0.4121788757033412,0.40096345895711766,0.5064582018371722,0,0.26887187077033503,0.7329538176520984,0.8534126122750443,2.560780645194273,1.1635825737165544
0.41610313776567476,0.44520793142626564,0.4048664536035332,0.5991996442037645,1,0.26887187077033503,0.7329538176520984,0.8534126122750443,2.560780645194273,1.1635825737165544
0.2729191871610896,0.29390750073460215,0.27806181283434556,0.46546261558345153,0,0.26887187077033503,0.7329538176520984,0.8534126122750443,2.560780645194273,1.1635825737165544
0.7240567504459801,0.6908717172584568,0.7242927235766939,0.671237570704532,1,0.26887187077033503,0.7329538176520984,0.8534126122750443,2.560780645194273,1.1635825737165544
0.481044438813623,0.5211260094884513,0.46174665046145696,0.6202217231381358,0,0.26887187077033503,0.7329538176520984,0.8534126122750443,2.560780645194273,1.1635825737165544
0.6480384797052726,0.6014179800388569,0.664840618375103,0.5381660443490212,1,0.26887187077033503,0.7329538176520984,0.8534126122750443,2.560780645194273,1.1635825737165544
0.6431965455189363,0.6135483437540312,0.6439834426976049,0.656926552185711,0,0.26887187077033503,0.7329538176520984,0.8534126122750443,2.560780645194273,1.1635825737165544
0.2733786734574184,0.29390750073460215,0.27869569876414335,0.46546261558345153,0,0.26887187077033503,0.7329538176520984,0.8534126122750443,2.560780645194273,1.1635825737165544
0.2733786734574184,0.29390750073460215,0.27869569876414335,0.46546261558345153,0,0.26887187077033503,0.7329538176520984,0.8534126122750443,2.560780645194273,1.1635825737165544
0.27397426843051353,0.29390750073460215,0.27951768157251805,0.46546261558345153,1,0.26887187077033503,0.7329538176520984,0.8534126122750443,2.560780645194273,1.1635825737165544
0.5802924097117648,0.578447638067,0.577250528950634,0.5925654396771696,1,0.26887187077033503,0.7329538176520984,0.8534126122750443,2.560780645194273,1.1635825737165544
0.4698633424931202,0.46248160416610457,0.4788323231292777,0.5164358588549078,1,0.26887187077033503,0.7329538176520984,0.8534126122750443,2.560780645194273,1.1635825737165544
0.2863693370692581,0.3143621055045189,0.28680763091710004,0.49318940351070284,0,0.26887187077033503,0.7329538176520984,0.8534126122750443,2.560780645194273,1.1635825737165544
0.27397426843051353,0.29390750073460215,0.27951768157251805,0.46546261558345153,1,0.26887187077033503,0.7329538176520984,0.8534126122750443,2.560780645194273,1.1635825737165544
0.6412581449704597,0.6135483437540312,0.6413419677711271,0.656926552185711,0,0.26887187077033503,0.7329538176520984,0.8534126122750443,2.560780645194273,1.1635825737165544
0.6431965455189363,0.6135483437540312,0.6439834426976049,0.656926552185711,0,0.26887187077033503,0.7329538176520984,0.8534126122750443,2.560780645194273,1.1635825737165544
0.6413662719808173,0.6135483437540312,0.6414893744339821,0.656926552185711,1,0.26887187077033503,0.7329538176520984,0.8534126122750443,2.560780645194273,1.1635825737165544
0.424329263869135,0.462654337355324,0.4134436516559551,0.5530609986379693,0,0.26887187077033503,0.7329538176520984,0.8534126122750443,2.560780645194273,1.1635825737165544
0.7456996560358329,0.7186396531674599,0.7414860429008817,0.7027816315467565,1,0.26887187077033503,0.7329538176520984,0.8534126122750443,2.560780645194273,1.1635825737165544
0.27334638523350874,0.29390750073460215,0.2786511482192295,0.46546261558345153,0,0.26887187077033503,0.7329538176520984,0.8534126122750443,2.560780645194273,1.1635825737165544
0.23135173372038664,0.23113351722648795,0.2407282400311056,0.5213964375178107,1,0.26887187077033503,0.7329538176520984,0.8534126122750443,2.560780645194273,1.1635825737165544
0.4218489430696206,0.47724385863918645,0.3927066226785749,0.688056246730816,1,0.26887187077033503,0.7329538176520984,0.8534126122750443,2.560780645194273,1.1635825737165544
0.2566801361661538,0.277134392198705,0.26081858128401797,0.4817165851055892,0,0.26887187077033503,0.7329538176520984,0.8534126122750443,2.560780645194273,1.1635825737165544
0.37626469503386073,0.3930348185604114,0.37778030968326304,0.5180773096218786,1,0.26887187077033503,0.7329538176520984,0.8534126122750443,2.560780645194273,1.1635825737165544
0.6174228293296825,0.6102394375436703,0.6115469645290079,0.6390864858222226,1,0.26887187077033503,0.7329538176520984,0.8534126122750443,2.560780645194273,1.1635825737165544
0.6708794240272411,0.6507134318978649,0.6712296181926151,0.6135575148098019,0,0.26887187077033503,0.7329538176520984,0.8534126122750443,2.560780645194273,1.1635825737165544
0.4894704711942297,0.5071984196039941,0.4736574885566226,0.6745310202499966,0,0.26887187077033503,0.7329538176520984,0.8534126122750443,2.560780645194273,1.1635825737165544
0.4276620395987865,0.47470554483332944,0.40754375041852364,0.6187407660785499,0,0.26887187077033503,0.7329538176520984,0.8534126122750443,2.560780645194273,1.1635825737165544
0.3049157708743231,0.33127356470157093,0.30578161293806616,0.4938566231787691,0,0.26887187077033503,0.7329538176520984,0.8534126122750443,2.560780645194273,1.1635825737165544
0.26120807305700017,0.2759793643282804,0.2638627160679823,0.5327137635306834,0,0.26887187077033503,0.7329538176520984,0.8534126122750443,2.560780645194273,1.1635825737165544
0.5996238568071648,0.5849788206541958,0.6079523427126129,0.5142246083413808,1,0.26887187077033503,0.7329538176520984,0.8534126122750443,2.560780645194273,1.1635825737165544
0.6166565195024809,0.6102394375436703,0.6104960735524579,0.6390864858222226,1,0.26887187077033503,0.7329538176520984,0.8534126122750443,2.560780645194273,1.1635825737165544
0.26169961610680664,0.2837462068371816,0.2604461385205098,0.5493375243902631,0,0.26887187077033503,0.7329538176520984,0.8534126122750443,2.560780645194273,1.1635825737165544
0.2172830239578225,0.21102171373456519,0.23613685472482165,0.4139711325235814,1,0.26887187077033503,0.7329538176520984,0.8534126122750443,2.560780645194273,1.1635825737165544
0.6418833395044519,0.6135483437540312,0.6421941797724442,0.656926552185711,1,0.26887187077033503,0.7329538176520984,0.8534126122750443,2.560780645194273,1.1635825737165544
0.3881525052502097,0.4330547781850349,0.37418044269184664,0.5713561579776556,0,0.26887187077033503,0.7329538176520984,0.8534126122750443,2.560780645194273,1.1635825737165544
0.6431965455189363,0.6135483437540312,0.6439834426976049,0.656926552185711,0,0.26887187077033503,0.7329538176520984,0.8534126122750443,2.560780645194273,1.1635825737165544
0.26371158941601425,0.2785503554431915,0.2689400413224317,0.49628661281331143,0,0.26887187077033503,0.7329538176520984,0.8534126122750443,2.560780645194273,1.1635825737165544
0.3702207666643214,0.41635385057218927,0.34995856241461054,0.6469194319685069,0,0.26887187077033503,0.7329538176520984,0.8534126122750443,2.560780645194273,1.1635825737165544
0.3374792252062674,0.37259688912797645,0.32624461714450614,0.598341618974714,0,0.26887187077033503,0.7329538176520984,0.8534126122750443,2.560780645194273,1.1635825737165544
0.27334638523350874,0.29390750073460215,0.2786511482192295,0.46546261558345153,0,0.26887187077033503,0.7329538176520984,0.8534126122750443,2.560780645194273,1.1635825737165544
0.6147251149723902,0.6015453931201513,0.6168393210085883,0.574501373723031,1,0.26887187077033503,0.7329538176520984,0.8534126122750443,2.560780645194273,1.1635825737165544
0.6166565195024809,0.6102394375436703,0.6104960735524579,0.6390864858222226,1,0.26887187077033503,0.7329538176520984,0.8534126122750443,2.560780645194273,1.1635825737165544
0.6438038785274759,0.5965270337649896,0.6594063204937375,0.5572407642957143,1,0.26887187077033503,0.7329538176520984,0.8534126122750443,2.560780645194273,1.1635825737165544
0.2728869328251573,0.29390750073460215,0.2780173245625075,0.46546261558345153,0,0.26887187077033503,0.7329538176520984,0.8534126122750443,2.560780645194273,1.1635825737165544
0.6174228293296825,0.6102394375436703,0.6115469645290079,0.6390864858222226,1,0.26887187077033503,0.7329538176520984,0.8534126122750443,2.560780645194273,1.1635825737165544
0.424329263869135,0.462654337355324,0.4134436516559551,0.5530609986379693,1,0.26887187077033503,0.7329538176520984,0.8534126122750443,2.560780645194273,1.1635825737165544
0.27334638523350874,0.29390750073460215,0.2786511482192295,0.46546261558345153,0,0.26887187077033503,0.7329538176520984,0.8534126122750443,2.560780645194273,1.1635825737165544
0.40837914292905875,0.43997049304840374,0.3986012840523531,0.5743434023343349,1,0.26887187077033503,0.7329538176520984,0.8534126122750443,2.560780645194273,1.1635825737165544
0.6202303011495707,0.6063165643907235,0.6241231728246686,0.5555772042280172,1,0.26887187077033503,0.7329538176520984,0.8534126122750443,2.560780645194273,1.1635825737165544
0.27334638523350874,0.29390750073460215,0.2786511482192295,0.46546261558345153,0,0.26887187077033503,0.7329538176520984,0.8534126122750443,2.560780645194273,1.1635825737165544
0.6664056310580478,0.6425618769119691,0.6653942070695027,0.6482451184996011,0,0.26887187077033503,0.7329538176520984,0.8534126122750443,2.560780645194273,1.1635825737165544
0.6147588400789561,0.6015453931201513,0.6168852080495519,0.574501373723031,1,0.26887187077033503,0.7329538176520984,0.8534126122750443,2.560780645194273,1.1635825737165544
0.266571274672994,0.28524606700904265,0.2654897567942102,0.5637282163467275,1,0.26887187077033503,0.7329538176520984,0.8534126122750443,2.560780645194273,1.1635825737165544
0.6438038785274759,0.5965270337649896,0.6594063204937375,0.5572407642957143,1,0.26887187077033503,0.7329538176520984,0.8534126122750443,2.560780645194273,1.1635825737165544
0.37783912246367024,0.3930348185604114,0.37993097926439223,0.5180773096218786,0,0.26887187077033503,0.7329538176520984,0.8534126122750443,2.560780645194273,1.1635825737165544
0.7323739820471417,0.7012667464063909,0.7308693945514596,0.6847177525726513,1,0.26887187077033503,0.7329538176520984,0.8534126122750443,2.560780645194273,1.1635825737165544
0.5998083184141837,0.5943766156212557,0.5986916870552426,0.581290788789317,1,0.26887187077033503,0.7329538176520984,0.8534126122750443,2.560780645194273,1.1635825737165544
0.7039211242623966,0.6744649972321102,0.7065370767718875,0.6229818010488295,1,0.26887187077033503,0.7329538176520984,0.8534126122750443,2.560780645194273,1.1635825737165544
0.6431965455189363,0.6135483437540312,0.6439834426976049,0.656926552185711,0,0.26887187077033503,0.7329538176520984,0.8534126122750443,2.560780645194273,1.1635825737165544
0.6159742520634557,0.6102394375436703,0.6095602403226242,0.6390864858222226,1,0.26887187077033503,0.7329538176520984,0.8534126122750443,2.560780645194273,1.1635825737165544
0.644679522807816,0.6135483437540312,0.6460027129876892,0.656926552185711,1,0.26887187077033503,0.7329538176520984,0.8534126122750443,2.560780645194273,1.1635825737165544
0.6413662719808173,0.6135483437540312,0.6414893744339821,0.656926552185711,1,0.26887187077033503,0.7329538176520984,0.8534126122750443,2.560780645194273,1.1635825737165544
0.5904383881275562,0.587490121154259,0.586704781586593,0.6024379934233288,1,0.26887187077033503,0.7329538176520984,0.8534126122750443,2.560780645194273,1.1635825737165544
0.5238746379548356,0.542200123553276,0.5053071864923597,0.691578341828056,0,0.26887187077033503,0.7329538176520984,0.8534126122750443,2.560780645194273,1.1635825737165544
0.3787009477068239,0.40440645985842427,0.37100571065626514,0.5850408118031118,1,0.26887187077033503,0.7329538176520984,0.8534126122750443,2.560780645194273,1.1635825737165544
0.6462950686855572,0.6014179800388569,0.6625170053566563,0.5381660443490212,1,0.26887187077033503,0.7329538176520984,0.8534126122750443,2.560780645194273,1.1635825737165544
0.27397426843051353,0.29390750073460215,0.27951768157251805,0.46546261558345153,1,0.26887187077033503,0.7329538176520984,0.8534126122750443,2.560780645194273,1.1635825737165544
0.2729191871610896,0.29390750073460215,0.27806181283434556,0.46546261558345153,0,0.26887187077033503,0.7329538176520984,0.8534126122750443,2.560780645194273,1.1635825737165544
0.5996238568071648,0.5849788206541958,0.6079523427126129,0.5142246083413808,1,0.26887187077033503,0.7329538176520984,0.8534126122750443,2.560780645194273,1.1635825737165544
0.6038078750740329,0.6003942230341799,0.5973442567005345,0.6320213882818962,0,0.26887187077033503,0.7329538176520984,0.8534126122750443,2.560780645194273,1.1635825737165544
0.41403575994899955,0.45965006612116827,0.4017426319911868,0.5408761498464829,0,0.26887187077033503,0.7329538176520984,0.8534126122750443,2.560780645194273,1.1635825737165544
0.2713441662578228,0.2899648064608945,0.275971434592405,0.48466472438845537,0,0.26887187077033503,0.7329538176520984,0.8534126122750443,2.560780645194273,1.1635825737165544
0.5161293833136094,0.5101219715894976,0.5179664289798154,0.5749698593760678,0,0.26887187077033503,0.7329538176520984,0.8534126122750443,2.560780645194273,1.1635825737165544
0.2713441662578228,0.2899648064608945,0.275971434592405,0.48466472438845537,0,0.26887187077033503,0.7329538176520984,0.8534126122750443,2.560780645194273,1.1635825737165544
0.3976113438996602,0.42526197834058893,0.38648255060895476,0.6103153400256244,1,0.26887187077033503,0.7329538176520984,0.8534126122750443,2.560780645194273,1.1635825737165544
0.6664056310580478,0.6425618769119691,0.6653942070695027,0.6482451184996011,0,0.26887187077033503,0.7329538176520984,0.8534126122750443,2.560780645194273,1.1635825737165544
0.6181041187780775,0.6102394375436703,0.6124810631596278,0.6390864858222226,1,0.26887187077033503,0.7329538176520984,0.8534126122750443,2.560780645194273,1.1635825737165544
0.5227277437015367,0.5551818099904219,0.5034816206044134,0.6385895202670272,1,0.26887187077033503,0.7329538176520984,0.8534126122750443,2.560780645194273,1.1635825737165544
0.6431965455189363,0.6135483437540312,0.6439834426976049,0.656926552185711,0,0.26887187077033503,0.7329538176520984,0.8534126122750443,2.560780645194273,1.1635825737165544
0.40585815255309715,0.41852437958150096,0.4110983045292249,0.48720896743054926,0,0.26887187077033503,0.7329538176520984,0.8534126122750443,2.560780645194273,1.1635825737165544
0.5974798425284231,0.5954787418929058,0.5890222202241738,0.6497425972712582,1,0.26887187077033503,0.7329538176520984,0.8534126122750443,2.560780645194273,1.1635825737165544
0.6384855160183291,0.6057974686782366,0.6433088509416337,0.6234957971405007,1,0.26887187077033503,0.7329538176520984,0.8534126122750443,2.560780645194273,1.1635825737165544
0.6431965455189363,0.6135483437540312,0.6439834426976049,0.656926552185711,0,0.26887187077033503,0.7329538176520984,0.8534126122750443,2.560780645194273,1.1635825737165544
0.4629636982841285,0.4559333096914116,0.47021805746885154,0.5356336549915676,1,0.26887187077033503,0.7329538176520984,0.8534126122750443,2.560780645194273,1.1635825737165544
0.6147251149723902,0.6015453931201513,0.6168393210085883,0.574501373723031,1,0.26887187077033503,0.7329538176520984,0.8534126122750443,2.560780645194273,1.1635825737165544
0.27394193638249137,0.29390750073460215,0.27947305054103844,0.46546261558345153,0,0.26887187077033503,0.7329538176520984,0.8534126122750443,2.560780645194273,1.1635825737165544
0.2955861322424346,0.3251882241304164,0.28933496710673556,0.5727530459857009,0,0.26887187077033503,0.7329538176520984,0.8534126122750443,2.560780645194273,1.1635825737165544
0.4651867213596132,0.4559333096914116,0.47325501956972693,0.5356336549915676,1,0.26887187077033503,0.7329538176520984,0.8534126122750443,2.560780645194273,1.1635825737165544
0.40537330890006845,0.45455041389563294,0.38424456292526993,0.6296494783873732,1,0.26887187077033503,0.7329538176520984,0.8534126122750443,2.560780645194273,1.1635825737165544
0.6058924903903546,0.5993177097948019,0.6067240174625758,0.5624385957043655,0,0.26887187077033503,0.7329538176520984,0.8534126122750443,2.560780645194273,1.1635825737165544
0.39789562157393527,0.4121788757033412,0.40096345895711766,0.5064582018371722,0,0.26887187077033503,0.7329538176520984,0.8534126122750443,2.560780645194273,1.1635825737165544
0.40523698338967445,0.41852437958150096,0.41024806435272615,0.48720896743054926,1,0.26887187077033503,0.7329538176520984,0.8534126122750443,2.560780645194273,1.1635825737165544
0.644679522807816,0.6135483437540312,0.6460027129876892,0.656926552185711,1,0.26887187077033503,0.7329538176520984,0.8534126122750443,2.560780645194273,1.1635825737165544
0.6431965455189363,0.6135483437540312,0.6439834426976049,0.656926552185711,0,0.26887187077033503,0.7329538176520984,0.8534126122750443,2.560780645194273,1.1635825737165544
0.4594090354733219,0.48130307197522953,0.4474824193487612,0.6237630943858306,1,0.26887187077033503,0.7329538176520984,0.8534126122750443,2.560780645194273,1.1635825737165544
0.6154008731443597,0.6015453931201513,0.6177586591880346,0.574501373723031,1,0.26887187077033503,0.7329538176520984,0.8534126122750443,2.560780645194273,1.1635825737165544
0.4704539862535875,0.4863726045763984,0.46865262133411756,0.5346216533705809,0,0.26887187077033503,0.7329538176520984,0.8534126122750443,2.560780645194273,1.1635825737165544
0.6163230812984126,0.6102394375436703,0.6100387352432419,0.6390864858222226,0,0.26887187077033503,0.7329538176520984,0.8534126122750443,2.560780645194273,1.1635825737165544
0.2728869328251573,0.29390750073460215,0.2780173245625075,0.46546261558345153,0,0.26887187077033503,0.7329538176520984,0.8534126122750443,2.560780645194273,1.1635825737165544
0.269898236709374,0.29254951630552556,0.26279382042916527,0.6267573923150955,1,0.26887187077033503,0.7329538176520984,0.8534126122750443,2.560780645194273,1.1635825737165544
0.6147251149723902,0.6015453931201513,0.6168393210085883,0.574501373723031,1,0.26887187077033503,0.7329538176520984,0.8534126122750443,2.560780645194273,1.1635825737165544
0.6203304766963688,0.6063165643907235,0.6242592024138142,0.5555772042280172,0,0.26887187077033503,0.7329538176520984,0.8534126122750443,2.560780645194273,1.1635825737165544
0.644679522807816,0.6135483437540312,0.6460027129876892,0.656926552185711,1,0.26887187077033503,0.7329538176520984,0.8534126122750443,2.560780645194273,1.1635825737165544
0.5875896652852916,0.5837378196856844,0.5868187418385693,0.5738487285494586,1,0.26887187077033503,0.7329538176520984,0.8534126122750443,2.560780645194273,1.1635825737165544
0.5982962945746005,0.5954787418929058,0.590142618344528,0.6497425972712582,1,0.26887187077033503,0.7329538176520984,0.8534126122750443,2.560780645194273,1.1635825737165544
0.3975896673933269,0.4121788757033412,0.40054524993622725,0.5064582018371722,1,0.26887187077033503,0.7329538176520984,0.8534126122750443,2.560780645194273,1.1635825737165544
0.6427447039005701,0.6135483437540312,0.6433679231828866,0.656926552185711,0,0.26887187077033503,0.7329538176520984,0.8534126122750443,2.560780645194273,1.1635825737165544
0.644679522807816,0.6135483437540312,0.6460027129876892,0.656926552185711,1,0.26887187077033503,0.7329538176520984,0.8534126122750443,2.560780645194273,1.1635825737165544
0.6154008731443597,0.6015453931201513,0.6177586591880346,0.574501373723031,1,0.26887187077033503,0.7329538176520984,0.8534126122750443,2.560780645194273,1.1635825737165544
0.6147588400789561,0.6015453931201513,0.6168852080495519,0.574501373723031,1,0.26887187077033503,0.7329538176520984,0.8534126122750443,2.560780645194273,1.1635825737165544
0.27394193638249137,0.29390750073460215,0.27947305054103844,0.46546261558345153,0,0.26887187077033503,0.7329538176520984,0.8534126122750443,2.560780645194273,1.1635825737165544
0.6431965455189363,0.6135483437540312,0.6439834426976049,0.656926552185711,0,0.26887187077033503,0.7329538176520984,0.8534126122750443,2.560780645194273,1.1635825737165544
0.7292699702679498,0.697576424228983,0.7284558357790133,0.6780959849976697,0,0.26887187077033503,0.7329538176520984,0.8534126122750443,2.560780645194273,1.1635825737165544
0.6026648659464621,0.5912541315843122,0.6050467650510654,0.5670285229445464,0,0.26887187077033503,0.7329538176520984,0.8534126122750443,2.560780645194273,1.1635825737165544
0.5149880106133542,0.538403457028858,0.5037265116017097,0.5926898645259546,1,0.26887187077033503,0.7329538176520984,0.8534126122750443,2.560780645194273,1.1635825737165544
0.27334638523350874,0.29390750073460215,0.2786511482192295,0.46546261558345153,0,0.26887187077033503,0.7329538176520984,0.8534126122750443,2.560780645194273,1.1635825737165544
0.6233878306129054,0.6147941208577411,0.61950416826124,0.6211405032077246,0,0.26887187077033503,0.7329538176520984,0.8534126122750443,2.560780645194273,1.1635825737165544
0.6955896481490292,0.668245360790904,0.6907313105947304,0.7103121542586398,1,0.26887187077033503,0.7329538176520984,0.8534126122750443,2.560780645194273,1.1635825737165544
0.7436987713107819,0.7152396750052983,0.7393067275910271,0.7124034224023784,1,0.26887187077033503,0.7329538176520984,0.8534126122750443,2.560780645194273,1.1635825737165544
0.4257044456135393,0.47470554483332944,0.4049119709259329,0.6187407660785499,0,0.26887187077033503,0.7329538176520984,0.8534126122750443,2.560780645194273,1.1635825737165544
0.4594090354733219,0.48130307197522953,0.4474824193487612,0.6237630943858306,1,0.26887187077033503,0.7329538176520984,0.8534126122750443,2.560780645194273,1.1635825737165544
0.7388068611412157,0.7097554313417682,0.7371017401254427,0.6771638158115619,1,0.26887187077033503,0.7329538176520984,0.8534126122750443,2.560780645194273,1.1635825737165544
0.2728869328251573,0.29390750073460215,0.2780173245625075,0.46546261558345153,0,0.26887187077033503,0.7329538176520984,0.8534126122750443,2.560780645194273,1.1635825737165544
0.7327542791057678,0.7029419236130978,0.7319891777148647,0.6678615323680366,1,0.26887187077033503,0.7329538176520984,0.8534126122750443,2.560780645194273,1.1635825737165544
0.6159742520634557,0.6102394375436703,0.6095602403226242,0.6390864858222226,0,0.26887187077033503,0.7329538176520984,0.8534126122750443,2.560780645194273,1.1635825737165544
0.642852632397865,0.6135483437540312,0.6435149600145286,0.656926552185711,0,0.26887187077033503,0.7329538176520984,0.8534126122750443,2.560780645194273,1.1635825737165544
0.686545116587319,0.6581760275943039,0.6862432824730622,0.65781531289008,0,0.26887187077033503,0.7329538176520984,0.8534126122750443,2.560780645194273,1.1635825737165544
0.6203304766963688,0.6063165643907235,0.6242592024138142,0.5555772042280172,1,0.26887187077033503,0.7329538176520984,0.8534126122750443,2.560780645194273,1.1635825737165544
0.644679522807816,0.6135483437540312,0.6460027129876892,0.656926552185711,1,0.26887187077033503,0.7329538176520984,0.8534126122750443,2.560780645194273,1.1635825737165544
0.27334638523350874,0.29390750073460215,0.2786511482192295,0.46546261558345153,0,0.26887187077033503,0.7329538176520984,0.8534126122750443,2.560780645194273,1.1635825737165544
0.43521305532431953,0.4692026070293813,0.42740206456287394,0.5339568085053846,1,0.26887187077033503,0.7329538176520984,0.8534126122750443,2.560780645194273,1.1635825737165544
0.2728869328251573,0.29390750073460215,0.2780173245625075,0.46546261558345153,0,0.26887187077033503,0.7329538176520984,0.8534126122750443,2.560780645194273,1.1635825737165544
0.6431965455189363,0.6135483437540312,0.6439834426976049,0.656926552185711,0,0.26887187077033503,0.7329538176520984,0.8534126122750443,2.560780645194273,1.1635825737165544
0.5854666254999922,0.5619667570612537,0.5859071503284757,0.6462730830286023,0,0.26887187077033503,0.7329538176520984,0.8534126122750443,2.560780645194273,1.1635825737165544
0.7284820336906318,0.6956968911349152,0.7268622230888718,0.6946702596117819,1,0.26887187077033503,0.7329538176520984,0.8534126122750443,2.560780645194273,1.1635825737165544
0.27334638523350874,0.29390750073460215,0.2786511482192295,0.46546261558345153,0,0.26887187077033503,0.7329538176520984,0.8534126122750443,2.560780645194273,1.1635825737165544
0.26169961610680664,0.2837462068371816,0.2604461385205098,0.5493375243902631,0,0.26887187077033503,0.7329538176520984,0.8534126122750443,2.560780645194273,1.1635825737165544
0.5870046328911528,0.5619667570612537,0.5880030624766109,0.6462730830286023,1,0.26887187077033503,0.7329538176520984,0.8534126122750443,2.560780645194273,1.1635825737165544
0.5806442274694554,0.568423285709626,0.5875687936370768,0.5258320588548306,0,0.26887187077033503,0.7329538176520984,0.8534126122750443,2.560780645194273,1.1635825737165544
0.27394193638249137,0.29390750073460215,0.27947305054103844,0.46546261558345153,0,0.26887187077033503,0.7329538176520984,0.8534126122750443,2.560780645194273,1.1635825737165544
0.43925501809131023,0.48011422641404156,0.4159694771315677,0.6763553983210201,1,0.26887187077033503,0.7329538176520984,0.8534126122750443,2.560780645194273,1.1635825737165544
0.271936034158666,0.2899648064608945,0.2767871513940339,0.48466472438845537,0,0.26887187077033503,0.7329538176520984,0.8534126122750443,2.560780645194273,1.1635825737165544
0.2545825071188041,0.2670898080698082,0.25502931125845985,0.5772184900012293,0,0.26887187077033503,0.7329538176520984,0.8534126122750443,2.560780645194273,1.1635825737165544
0.7323739820471417,0.7012667464063909,0.7308693945514596,0.6847177525726513,1,0.26887187077033503,0.7329538176520984,0.8534126122750443,2.560780645194273,1.1635825737165544
0.6425055271959621,0.5965270337649896,0.6576718889802466,0.5572407642957143,1,0.26887187077033503,0.7329538176520984,0.8534126122750443,2.560780645194273,1.1635825737165544
0.2713441662578228,0.2899648064608945,0.275971434592405,0.48466472438845537,0,0.26887187077033503,0.7329538176520984,0.8534126122750443,2.560780645194273,1.1635825737165544
0.41403575994899955,0.45965006612116827,0.4017426319911868,0.5408761498464829,0,0.26887187077033503,0.7329538176520984,0.8534126122750443,2.560780645194273,1.1635825737165544
0.6147588400789561,0.6015453931201513,0.6168852080495519,0.574501373723031,1,0.26887187077033503,0.7329538176520984,0.8534126122750443,2.560780645194273,1.1635825737165544
0.674382282943417,0.6541176873088895,0.6761932816814215,0.5951462832179767,0,0.26887187077033503,0.7329538176520984,0.8534126122750443,2.560780645194273,1.1635825737165544
0.6425055271959621,0.5965270337649896,0.6576718889802466,0.5572407642957143,1,0.26887187077033503,0.7329538176520984,0.8534126122750443,2.560780645194273,1.1635825737165544
0.35208414816735356,0.38454154387716255,0.3476999563126362,0.5227437563737005,0,0.26887187077033503,0.7329538176520984,0.8534126122750443,2.560780645194273,1.1635825737165544
0.431252218561291,0.4692026070293813,0.4220283127770543,0.5339568085053846,0,0.26887187077033503,0.7329538176520984,0.8534126122750443,2.560780645194273,1.1635825737165544
0.6216305765685098,0.6147941208577411,0.6170979168035313,0.6211405032077246,1,0.26887187077033503,0.7329538176520984,0.8534126122750443,2.560780645194273,1.1635825737165544
0.6435055101784455,0.6197403865812128,0.6443167375371317,0.6300837824749931,1,0.26887187077033503,0.7329538176520984,0.8534126122750443,2.560780645194273,1.1635825737165544
0.2729191871610896,0.29390750073460215,0.27806181283434556,0.46546261558345153,0,0.26887187077033503,0.7329538176520984,0.8534126122750443,2.560780645194273,1.1635825737165544
0.7437915820054047,0.7152396750052983,0.7394346732142628,0.7124034224023784,1,0.26887187077033503,0.7329538176520984,0.8534126122750443,2.560780645194273,1.1635825737165544
0.583980183821874,0.5619667570612537,0.5838807092786459,0.6462730830286023,0,0.26887187077033503,0.7329538176520984,0.8534126122750443,2.560780645194273,1.1635825737165544
0.27394193638249137,0.29390750073460215,0.27947305054103844,0.46546261558345153,0,0.26887187077033503,0.7329538176520984,0.8534126122750443,2.560780645194273,1.1635825737165544
0.42623302995926726,0.47470554483332944,0.40562237013838,0.6187407660785499,1,0.26887187077033503,0.7329538176520984,0.8534126122750443,2.560780645194273,1.1635825737165544
0.6418833395044519,0.6135483437540312,0.6421941797724442,0.656926552185711,1,0.26887187077033503,0.7329538176520984,0.8534126122750443,2.560780645194273,1.1635825737165544
0.5965231290251538,0.5858423623841601,0.600665692199223,0.5455879435263797,0,0.26887187077033503,0.7329538176520984,0.8534126122750443,2.560780645194273,1.1635825737165544
0.6216305765685098,0.6147941208577411,0.6170979168035313,0.6211405032077246,1,0.26887187077033503,0.7329538176520984,0.8534126122750443,2.560780645194273,1.1635825737165544
0.644679522807816,0.6135483437540312,0.6460027129876892,0.656926552185711,1,0.26887187077033503,0.7329538176520984,0.8534126122750443,2.560780645194273,1.1635825737165544
0.644679522807816,0.6135483437540312,0.6460027129876892,0.656926552185711,1,0.26887187077033503,0.7329538176520984,0.8534126122750443,2.560780645194273,1.1635825737165544
0.2648816669083053,0.28033553076679635,0.2729772660114653,0.4534787113696714,0,0.26887187077033503,0.7329538176520984,0.8534126122750443,2.560780645194273,1.1635825737165544
0.6216305765685098,0.6147941208577411,0.6170979168035313,0.6211405032077246,1,0.26887187077033503,0.7329538176520984,0.8534126122750443,2.560780645194273,1.1635825737165544
0.5203737044492854,0.5361826175360214,0.5014047381278269,0.7077576089520845,1,0.26887187077033503,0.7329538176520984,0.8534126122750443,2.560780645194273,1.1635825737165544
0.6462950686855572,0.6014179800388569,0.6625170053566563,0.5381660443490212,1,0.26887187077033503,0.7329538176520984,0.8534126122750443,2.560780645194273,1.1635825737165544
0.2733786734574184,0.29390750073460215,0.27869569876414335,0.46546261558345153,0,0.26887187077033503,0.7329538176520984,0.8534126122750443,2.560780645194273,1.1635825737165544
0.2728869328251573,0.29390750073460215,0.2780173245625075,0.46546261558345153,0,0.26887187077033503,0.7329538176520984,0.8534126122750443,2.560780645194273,1.1635825737165544
